-- --------------------------------------------------------
-- Host:                         localhost
-- Versión del servidor:         10.4.14-MariaDB - mariadb.org binary distribution
-- SO del servidor:              Win64
-- HeidiSQL Versión:             11.0.0.5919
-- --------------------------------------------------------

/*!40101 SET @OLD_CHARACTER_SET_CLIENT=@@CHARACTER_SET_CLIENT */;
/*!40101 SET NAMES utf8 */;
/*!50503 SET NAMES utf8mb4 */;
/*!40014 SET @OLD_FOREIGN_KEY_CHECKS=@@FOREIGN_KEY_CHECKS, FOREIGN_KEY_CHECKS=0 */;
/*!40101 SET @OLD_SQL_MODE=@@SQL_MODE, SQL_MODE='NO_AUTO_VALUE_ON_ZERO' */;


-- Volcando estructura de base de datos para cg-lugares
CREATE DATABASE IF NOT EXISTS `cg-lugares` /*!40100 DEFAULT CHARACTER SET utf8 */;
USE `cg-lugares`;

-- Volcando estructura para tabla cg-lugares.categorias
CREATE TABLE IF NOT EXISTS `categorias` (
  `id` int(10) unsigned NOT NULL AUTO_INCREMENT,
  `detalle` varchar(100) NOT NULL,
  PRIMARY KEY (`id`)
) ENGINE=InnoDB AUTO_INCREMENT=5 DEFAULT CHARSET=utf8;

-- Volcando datos para la tabla cg-lugares.categorias: ~3 rows (aproximadamente)
DELETE FROM `categorias`;
/*!40000 ALTER TABLE `categorias` DISABLE KEYS */;
INSERT INTO `categorias` (`id`, `detalle`) VALUES
	(1, 'Comida'),
	(2, 'Hospedaje'),
	(3, 'Recreacion'),
	(4, 'Transporte');
/*!40000 ALTER TABLE `categorias` ENABLE KEYS */;

-- Volcando estructura para tabla cg-lugares.categorias_lugares
CREATE TABLE IF NOT EXISTS `categorias_lugares` (
  `id` int(10) unsigned NOT NULL AUTO_INCREMENT,
  `id_lugar` int(10) unsigned DEFAULT 0,
  `id_categoria` int(10) unsigned DEFAULT 0,
  PRIMARY KEY (`id`),
  UNIQUE KEY `id_lugar` (`id_lugar`,`id_categoria`)
) ENGINE=MyISAM AUTO_INCREMENT=8 DEFAULT CHARSET=utf8;

-- Volcando datos para la tabla cg-lugares.categorias_lugares: 7 rows
DELETE FROM `categorias_lugares`;
/*!40000 ALTER TABLE `categorias_lugares` DISABLE KEYS */;
INSERT INTO `categorias_lugares` (`id`, `id_lugar`, `id_categoria`) VALUES
	(7, 1, 3),
	(6, 1, 2),
	(3, 3, 3),
	(2, 3, 2),
	(1, 3, 1),
	(4, 2, 2),
	(5, 1, 1);
/*!40000 ALTER TABLE `categorias_lugares` ENABLE KEYS */;

-- Volcando estructura para tabla cg-lugares.localidades
CREATE TABLE IF NOT EXISTS `localidades` (
  `id` int(10) unsigned NOT NULL AUTO_INCREMENT,
  `detalle` varchar(100) NOT NULL,
  PRIMARY KEY (`id`)
) ENGINE=InnoDB AUTO_INCREMENT=6 DEFAULT CHARSET=utf8;

-- Volcando datos para la tabla cg-lugares.localidades: ~5 rows (aproximadamente)
DELETE FROM `localidades`;
/*!40000 ALTER TABLE `localidades` DISABLE KEYS */;
INSERT INTO `localidades` (`id`, `detalle`) VALUES
	(1, 'La Plata'),
	(2, 'Junin'),
	(3, 'Saladillo'),
	(4, '9 de Julio'),
	(5, 'San Clemente');
/*!40000 ALTER TABLE `localidades` ENABLE KEYS */;

-- Volcando estructura para tabla cg-lugares.lugares
CREATE TABLE IF NOT EXISTS `lugares` (
  `id` int(10) unsigned NOT NULL AUTO_INCREMENT,
  `nombre` varchar(100) NOT NULL,
  `descripcion` varchar(3000) DEFAULT NULL,
  `precio` double DEFAULT NULL,
  `latitud` varchar(100) DEFAULT NULL,
  `longitud` varchar(100) DEFAULT NULL,
  `id_localidad` int(10) unsigned NOT NULL,
  `det_camino` varchar(3000) DEFAULT NULL,
  `url_fotos` varchar(255) DEFAULT NULL,
  `url_videos` varchar(255) DEFAULT NULL,
  `imagen` text DEFAULT NULL,
  `destacado` enum('S','N') NOT NULL DEFAULT 'N',
  PRIMARY KEY (`id`)
) ENGINE=InnoDB AUTO_INCREMENT=4 DEFAULT CHARSET=utf8 COMMENT='Datos generales de los lugares';

-- Volcando datos para la tabla cg-lugares.lugares: ~3 rows (aproximadamente)
DELETE FROM `lugares`;
/*!40000 ALTER TABLE `lugares` DISABLE KEYS */;
INSERT INTO `lugares` (`id`, `nombre`, `descripcion`, `precio`, `latitud`, `longitud`, `id_localidad`, `det_camino`, `url_fotos`, `url_videos`, `imagen`, `destacado`) VALUES
	(1, 'RESIDENCIA LOS TRES HERMANOS', 'lugar muy lindo en el centro de la ciudad de la plata y la la lupsi tambien', 6000, '-34.9875366', '-57.86250000000001', 1, 'En frente de Plaza San Martin', 'https://www.youtube.com/user/catalinango', 'https://www.youtube.com/user/catalinango', '/9j/4AAQSkZJRgABAQEB4AHgAAD//gBhRmlsZSBzb3VyY2U6IGh0dHBzOi8vY29tbW9ucy53aWtpbWVkaWEub3JnL3dpa2kvRmlsZTpDbHViX2RlX2dvbGYsX01hcl9kZWxfUGxhdGEsX0FyZ2VudGluYS5KUEf/2wBDAEkyNkA2LUlAO0BSTUlWbbZ2bWRkbd6fqIS2/+j////o/vr///////////r+////////////////////////////2wBDAU1SUm1fbdV2dtX///7/////////////////////////////////////////////////////////////////////wgARCAEHAXwDAREAAhEBAxEB/8QAGAABAQEBAQAAAAAAAAAAAAAAAAECAwT/xAAWAQEBAQAAAAAAAAAAAAAAAAAAAQL/2gAMAwEAAhADEAAAAdawKABAAoUAUEAABSygSyAFAAAAOUvQtgAAxZQBKCACgAKAMlltgFEABQAAAAGZeK07JUACs2BGZrSi3AAAABQOctl3rMjCl0mrKABAqxAABwa0mjmvVNIAIuLMzXeM1g3ckAAABQMSxdnIGjpCy2ABAqgAE5rzXqkMrDZtCDhNWu0WhyNFuOc1styCgCRhqL0SEMGzcLLYAECqCQBeC6TZCAyu41ZkwvaLXMsarkdE5L0S2UEMS5WLTSdSHMyUHVFiAAAIuSLgppNmAUGFRmvRFocQDQja5M2VMrlQBo7IByJCukWwmV0gLkyuSKCQ6BNmAaIRckj0ChzCRehyOkcl0mSVAUsvazRgEMiOlEHFbEqKIlIAbKlKZBohFqc17ZWrQEKYMiLWIlQFXqnQAwDBqNGDnSWWUkqyFIDRsFQZItIDRTGZTS6NUFDidTJwLChs7AAgMCMEqRKAFICg6JFEMgHZMqKmjllQWNLdKDBKHOM0KI7lKBWTJgEICGiAFBDqQppOKkq9UyohtMZQFOi2hFJyNnMyKsK6ZgyZpbQAQgBQACFO6c1ppOS1IvRIoyUZm7cWaItTUsVJwqVoyUA6ZnOpVNKBpIsIACAEBTsmVpU5KKaIUpk1lKllCkksip1t4maAARKFNAGkyoGSAAIWg2UGkiioItSGjllKoUgyAdreJoyUgBDUiqsNAEBCBBTINKOiAukyoqQLUytOUkKAQAGqhVgLJCghRai2QFUEyAUgCjqkUCEBCEAipAAAAABaLAIAFtKgBYEgAgKEUUAoAKDJCyAQAAAEFUsoIUgWjRULkgEgWoEqpkqimgCkAMETUtFUhBEQCUhVVFCRaC0KlIRYBAJCrKEQCm1AqRaRMLE1KLVQRUZQQVpYES0gpFLVIQGiEEACCoEAptRmOlnOXVQyg3myoUtkWSQgFaIoSVYCkrQiEFUpksCFBKiAClBCkEKhYLSFSqMoABakKQUKRoVYRKsKEBAQCiWVZAAACAA1KIClM1EAsBQ1KNQISumWaAJmh0zcVCkBSVlFpAAAIADcuQlUCEogRaQNyjcZrFkXckJQsaWxLM1Y0FRTNhQBExpCggALKAKAkqAsaXKaICyipCVqJVlllilMlAIVc2bzViBLc1AmaAAS0UkLUFVEsLqCFzUSlXUQlmpYgzVjRChc2IlDUUyaXJU0uUhmlIALQU1FIDKaXKKFimLYgAGlQSgpmrFUQsSzRldRmiCgsssqgDYIQGSxSVkzZQuoJioaNS5qxTNJNENS5sq5qILErUsTcpJVllWJYNS5soVZkwtIlWlipCUCki1AXJUFgUzQGo1LmyWxBqNLARNSxJaTUSrLKIXFktSClXeVAJSM0TNQGlskpCtS5RUB0jJqXNUhEVZSQqjUDnqDeVW1RZkyQgIVdxYzWhAzVKDKS2ySrGlRmykXcQGLNy8tSlICllJVxW43FFElWBahFwkUQidM1UrKblGKygKSrSESlWwFkKsQoFNRTQABAQ52DRSwKCkCigAGSgJCqIUFAABAACApEAyAD//EACIQAAIBAwUAAwEAAAAAAAAAAAARARAgMQISITBBQEJQMv/aAAgBAQABBQL8iZ5fyZlfFmsS+nJPEduojFJkjOO+ZFx4RNzIh0mCONXZqouKRnu1Hs4jHpE2MiHZqgjmDd0MdIgniZyRnuzWMfacESM3EQ6zKndFHyKbt1kRScZ0kZn+ulm4dNOdVNOPtOPDNs5k0Z1QRLgYzcO2LMapIzV2bjdd7qwaScziMT/VswSacyYmkcE3RCopGauYzpi1j6NJ9pwQTk04nNIv1YjmNMGo+tmmLNWI/mOJikz1+xmczjyCR1Qo6f5PbdKtnmIxrxuH2Rweu6CSMdOrGnDU3ujGfX22LvUeyTbGZIsd65RMK3wfwYpGZp7SMezTdZ5GTyk5N0js8+FBJ7I68nIuUQTZNPBjpOeiLHZPV7MCIPZxGPtOIwTI6OjsmeCfkwezggnJGJyRI+p9snkVnpjHsyMYx/moQv2Yp5+bFPCbfOiPhx2+E5s8/XVUIQvxeBD7FRCEIXzOOt3MdciFBx8VTRVdHauh9EiELu2iqxCsY6IRi1COTkU0irHVHNiEIUikUiEbRU57GRNFYxjGeOuCZdEeUVOTk5sY68jkdHVVgUCFBtELrVHTA7mOrsdHVCJR5V3O5CkQrXRXKnF0G4ZuHZi1WIQr+KsYxjHPSjabZtgY4GOnBxVujGMZE0Y7J6YryIXQqbTaKawJiFV82+2OimRSKTabTaKTaIXU6MY+xCgUCF1MdrGOjq7P/8QAHBEAAgIDAQEAAAAAAAAAAAAAAREAMBAgQFCg/9oACAEDAQE/AfUXnq8dyi1Ng3PeoaFQe5YOqrNS51FFacLRRfHh/8QAHREBAAICAwEBAAAAAAAAAAAAEQBQEDAgQGCAcP/aAAgBAgEBPwH8QfiNvmNEekPpBw2ThjGNo9Z7r0Hk07GPXMnJ4O42N07nSQhudxgoC2PCf//EAB8QAAEDBAMBAAAAAAAAAAAAAAExUHAAEUBgITBxgP/aAAgBAQAGPwKFfdSG53PStchktnDELfai3rFg+bEjBKSH0bkgH//EACcQAAIBBAIDAAMAAgMAAAAAAAABERAhMUFRYSAwcUCBkaHxUMHh/9oACAEBAAE/If8AiNLQka9ece8JyvxHhd0urn7HobSyKcbIZRImVPtyQjobtJMlSUpf3yOf4WFKUMMk++TVDHli4JEfoe1oJssdbJIqL2taORYGQxG41BJ9Ferfk/WFVzY1ze6PgJz5tRv8puJS6EiqlTD9rspG230agPD8JRs/oNVkjwzOeK2SBfIs1YSLq6PiEn4NxkfAbbzWb5RZH9F4UvS0WyHA3G28uhgh0NDIJWjsxuHdEq5zT4J/iKiT7CpE+SA3eLeKSyIqv1CQ4pQnqqVyTRtLLGg2G28vwiXBiswZhMlYaoqyuRJ/hmElQYnrDHbI3csAkPygUgx/RJf9BCVDybWTmboxWkyGz3Vvx3HhSWEbmIeHQwjjksNJPhCTotxnsoRvWiLE5uyvGC78fEYDwxItSxZ1Tv4J3kmSRCUjJVSagNDY0kxTqRprIu9ZMT5J8HdGSf8ARL+iE2jN1k5s+KWBIgJkXKRs6ticUmjo7mBIXJuY5McvkkvRG5iP4pEfsuT0XB56BtIWaOkUmxJkJkeaW5Ds1Zq0eWR9iRtgwZuqwjMYjw/tY3QsC+kGKNSoFHQScyxngkYT5Oo2KaxJBgz6bHUxHhiD1TALMew4hc0KSYTHgbhKLwxOrN9Jawzsq2IYbovCOzflJJJNMhoQrIYkIybLsgJQyaBokIowJDMXE5TpoLNEuSQnIlCXWIIEbNekea2VgirwIu3DGrJZAhJGDEeJkoPAyeEITeiR2E3HSJI2YqVIIZBjwdjQr1dvTfLHSlhG5hHh0sI2oyISI9jv6bklwaH6d00NjI37A2oCGhRQoDkyfJMEkk+6RP0u5FhKB59qklUhEIhUdYfsXpX4CzXVHkZsdXhGQ1eiBr8GSfcs11R5HqjzRqmXgy/BJJo/YhrjJoybjZmjYuSb+oN+hDo8UQ/anBNJfn1WbGB+qKzEOht0LuOG0NdogaS/EwyWKrH6EuxNdllrn1BuMSYiBDb4Ymv9ja2iJIayhcss0R5El2PuLmz9yHY0W/c8V3645E/GRKGn+h0TIZNJUXOqLDS0T2K+SeBwzIpEvR9ZbsNFlMTMSZRCITVrP8NKTqpLgdiTCBMuH8INUhFiOxIQ/pLyJz9J5IQSSl/4ZZZEdl/9ETlT+hOyY4kvSqbpC5f8G2j9iBOC/NyHY3+0QoSGL1qiR8ilsbhA3cTZi44bHZhigsSyGYlQYyQkbh3RMuyEmz4FHBIg1cQQQSJ8EuGdg7h1ChlSR4ZPRNdkMSjsh8Okdo+MkfiiSIBuSD2L6N/BskiH+Ro9E0uBOaMqMErh/wBOozQaUShWZICb4I/VENaPgngyeFZXKIjTuS8ZYlGGTLJ0SZ4RPBLZZ8/0tDhlmB3dEl3OChdg+B+hJC6k2NIwK440PoTG013SESxNI7FiHgyzJMu1jCHHIoJpUiRvscvBMiXexbmSZT1J+7Db6SETbIykul0W2W0jYkkTJbEMSTRK0kpIcsD4iYhdXyS0roV9f4G74EnAr5UUQui/TF2WWyV2MJRgjxQQTFwp7IUtDa2iVocN0N1SFqwQ+CHwRcfFkiXBD4YiJGnsm2CLkhxyyYJc0fEkqbljI8WohGhIgScViT4Ll4mjQ5FJ3ZYEicrJ9jaeUh2XiD5JWhL+GhjlWFUTqODuMJ9IT6HKxA1r3J6Q0msQMR+6xaRIZMomzuXCfYoEVT8OxFmh3ZHwZchEMg+RSXG5ISanoupkeRD8NkvAblk0tdmBLbxSRDKRIkKITbJ7dMLghcVkkmkiCf7HUSibE3JE+iSaYpBB/skWDoICQSuRkhEKkKiZPFDQkngmRO9x1M0TJNh3DZJJ/9oADAMBAAIAAwAAABCUk3/9qSE7SbVdGSCkkknokkmE0z/9ttTaqSF/8AEkm2pZf/0l6Rtttt7bevi0kn9f/wD+71//AEYoC223/pMZLfgBf0Ek+n9gv2eJA9v5JHBQaXhLf0n/AJfv9M8+RCU2ADmCwQ2m/wD/AP8AcZd/9jnyQAcCGSCASB3np9MEA6d/vqNSQiSr82lAQCcRF0Ai2rvt97xCQSC8cmigAQNsqnUAVbfvAGTmRaACXk2SQSPn0UkKFwSAdbvK9VrQOg+gYSQw2C2kwBMddYd99fz5/lEn+mbS2kkmBjcPdYRwmFy+CAA+2SMC0m0STzcQAZCKkUZ3wwBSQCOSQCQyCAMDtev84u1iCiQR0QAQQGm0BvNL9MJ9k/t0yx9/+/8A9JJptAa0EAkuPvv7bfESb/h7YJNPZIgEEkAgLf8A/wBt+nJr+TcShsJQ0AQQSCUACBNu+zJ5YTvyBJ9SW2yQgEWAGxN+wXLTIQSABJLSW0iI4AlDIxv+0TrZSb4QRLJS20m21mtTHbttnn5DSLxQQJJQo22m0m1DbIW1+2TRTSImrbbYcEkkm20LpbS339JI5+3jU0hAwAc0m2lLZJ21zm3J+swsn03w49gR0m3KfNzFL6MxYx++8w+n3jUHst/LJBDrmsytujd0libU7Lu1dJZr4TISmIvmBAc9eC3mdOoS1cynCwa8kFEiG9u0tMW8SNeVnAxj0zQAJe/hlkc0n5Scr+ZY34Qkm/yJDZCBh1zMwJddl05qJYEvkwpJoCqDtNAfxK0OSTQAQSZ8n99/ZZJZb/bLKbJbLLZPtt//xAAhEQACAgICAwEBAQAAAAAAAAABEQAQIDAxQCFBUIBRcP/aAAgBAwEBPxD5ChGsQQtoDiye4WtHMCUQ/HQKKKEdMjEnQBWIG0umAyUWkh0IBZgEwAKOXLW9Si0FsCpQf1EBZz5aVRV6gwG9KCONnKypRshnqCjqWI6DhgpRDT6g+CohsNClFg47feMGCit2YMx8B4GhRgh7T2mCjQowUu2dgo4iGzi4/gnD1BzD0nit5oUcj8lf7Afxbxs8TxXj8O//xAAgEQADAAIDAQEBAQEAAAAAAAAAAREQISAwQDFQcWFw/9oACAECAQE/EP1GxPuvvpcLXa83KfoQpeCfY+LwvPOiifO9K8t6bCi43peF7nnZS9q866H4ILzpl5vwUvhuXwmKEy/gUvN86y9bYsF8M6XxhMJ2Qgl7LhcWyifNi++5ZWXxTnPQuSxMUpS8F71yRf8AoN/QSL5H+dcNopRhPCi8s7aypkPnBI3imhnwoog8FCfcu6vFhRYhUTH8JhPDIQhMbQmyjZWvG2RhvMGiCLmso2MWGiExLjYspz6QJl7a8KUlIUSYeITDbRT7ho2bRS00NoqwxbPg0Q2bKJrhSlKVFGysYKjRVwguUGhFeIQhBMiDWEZsW/olBPY9i7GXC4iIiGiYmGzRFhEQ2bLRYZWUbYmKUeN5VxBLFZsmLSX4TWz6IYuM4QiJlNMqFS8ITMxCIiwyCZUQNlpEMSGh6KUqGbNiDZXxo9jyJj+iNsSzSlRUXCoqKs6zGbJSDSwmERBf7h4maXkxojIyIhWbxEiQSQ0QmDR9IhJjQ0aEQr5XEIaG+y8GjeKSjVEhcYTiiE4UpSlKUuN9M8NxeFLwXj//xAAoEAEAAgIBBAICAgMBAQAAAAABABEhMUEQUWFxgZEgoTCxwdHw8eH/2gAIAQEAAT8Q/kuXL6PWvwCodGP8qZrGHuXI42dv4zKsq28H8d9cYC1lYpV/jcuX/LjzbBM5rRiDQMXCHbkfwAWqiWrcrzBQZcBAVOGn+UurjcoOSshGgVwHMpIzbUAQ55mj08xpBp4g2Wc/jUr+BmHOBMuFa7TK1hGGacfirtNRllzMd4AAFBMXyZIrB/8ApEpr+TX5QmDPaKsLRmKSla7TywQlKvHYmHzKVj+CpUqVKldO9vUzTi8QfV0QWcZ2fEUUNDjhipf66pKtUZW4/tAABgOI9+gCtblKtMdHa4OWUDvX5h02+IjX0m9yovviIbcmnwS6DA5Jzq5q9RdUCQ5zZ/Bf4IRaJ5j+hCIOGfrM1+2c/J/iHbzLACWYcf2myU9qnYg/A/tAwFUGiJHbIVwxuLfYi5QfTNz4U7MTZzB9x4zCOa10qVAFqoHC/LNoXoS7bp++gsQfqWa1Hj6ZkPZBR8/w7IR4k/qL1R6m8H2wXd5MTY8zIfTP7I/cdNcniG0+pgXTT3jiufUDWgnMY4ErCAuhFoDMqV7DPUQ7vxF8D7hyCTsx+5tty/gpBAADR1yTniX+Xiad8zAsNa4h0UwaC7gHSdNAEDq39ROqP3NoPW4Uh7YFJ4n9kMnxP2Jg/qfpR4+2DDzUryaiDlG/EwxzU5jASyL3JSvtSVvNVLPuhmNiCNwHDAtWc4gAer0S/ONnS+oXVZXiYjnnooW7wLie8HdXMDKPMVXiQbGlI1HEEoDaHuIoc2ViLyAG7m2Xox1yBvNTmX3lxaLdEGU7n6M/vmXoJufMwX/tw/QxftMX9RnhHLD+pet4Kld3t/U5OlCagwhS7naWN4it/wDgRduas9koZbNemHUuz5I9CE0rPB+Gz2Q36IXjmvmVXlcc8uIRTL4i3lz0yD7jXS5R+iLSpeJY3Fcqjg3DRzYm2GsTUFfDqWyiqimMFzHWLmpUI35g0L9CeJ+5fEozNvJlhg47y8zkhKHTEey48iAJOBUQ5ev6gIEeIuOlCWNrDhlnWo6Wq4xrZ2mg2JKCDNN+EmwfjoyiKEOdy3gnmdBgqHPqM0PmaeeIWUXzAlRRlQ6rURK2PUQNA3LWgIXm3iAAoCcU1SweMdP+xL47QeGL7b7z9tXC+6X4MvyvjMYlNPkl8nOnqZkINHqJuZYJld40HOCX2wG2oLEYM2yjhIQW22XDV4cnRusbltJLnMC19o5b/AIYg9Q7/oQlCWF7gMIGZ+lOcpxcCfrE0f8AtzX7mBegLlqoJRbjRKDWzV7lMvj5hPC3BKcMqmY5ZZrXeO6FZqty9aR5JsMneJDdTmpkPicXg1xNvAjnQ+4qOdRIywauAu48ivz0Xa+0bVsqV+SpghpvuTmO797mr3P1Jp9T+7ovqmv7gY2XfeJVOBUBRY3Akf2EfI1KumcSgnmKy+COqbEvmNS21YuF5g53gg+9DaD0zHTb2RTwEFvUN/maRiW8GIjLmVzT0FsPM90bEXKgRK607yk9ZZmeZR9Jc/UNPuTX7j8ZFQJxFox9EqyjRGGqHucp+Y5S7PMcVC+ZhAxDEiwvMdHsi08R1K5LyRLB5gRuGKaSFNQyczWUL4jTfQMw3+YbS1KeuD26cwSzJKdyIUiTfaV4iaVzLXmUsLdCQ3iHGbsc+yZi1WLzBvFuUTyOYS2C76b9Caug/Qn9jN8RKBlfFnaVbJ9RDu8TJadxWlFRtbvFiGIx2lNwXIfhiwdNoG1l+P7mKWvVThC1o58xEav9TPeUHHgqCZWV6jOz1Udv+oCwsO4OY+JxncYYYuNEGZO+9Js9z9YmvtP+PufrM/uZgvqXAjXeMRee0/6EVuh19Y/BandHacfUuDWZZLzcuLjM58Qc7i2pc7U/sI/0jt7lx2EpiJ6mjczL8R86jjDBzGAtC/MvIjW6iEG31AApwTPwZ8ymcY7Rb27EXhk+Zlb/AHLxXDMxjxXRz1fxt7y0sxOZQQ7fuFm5j3DDvoQ4ZMTaWZSXLs+4MvfRcHiD3emL/CrxNMuWyx7yxikM/UKbWVc/uJOYhxCroIsrL8zc8Ep7M563+YZrppzBzO8z0JRCy4BVRDtLix3MdF1Blz5l+OhFjaQN73HBOHuMpabHqGk7elxaGJcmZGee0q7O5a+JRD8KvUqduJzUu4+HM30IFqSjx9wwblI25leSJRxHp+piUEGOGf3+Gud88x18y9I+o4/omki6EPJHXSXLnmf6zkjyPxINkI4zCglzvLl4ubMaNkXsEaZogeSCM1nPS8dCVmyPEb/BU3LliOhlo5itjYHiUTbtKqBk3UGLcQp/pLh/eGybvwuDBpOdQpld4lmIV0amPueXTR76f4zTMqcSpyZ6uuh1p7RtKim15hepdzRGXFuEzOe0VpGYS5sPMUoxZvvLl9ClyziuJR2mLuDjEMxRdifE3AezMOs9uZswXxj1F1Yj4uUuHtivD4zLdjHuAnagaG1vsRjDdd5nosu4Qq8wrjFxK4+5dwmpctrpeOuelIV0tqiZqHPuLE2/EenMUXZ82TaCnCRz0FavEsS/YlakDsOINsC5uJw0Kbl7IeRnJLflOC/Eatp4XEeATJgNRrWyKabUS1WG8zcgDtmDyHogBtsequL8ZdoQpatxo0xbeenEZeJx0uuldaltvfoNN1GOfmOoxOpN9DPiYLvfqdgeR3KXXjWHX3OGYcDFxO1QApcpuNC3dRbWiot1aQTI70SxgKO+ZjTgXMNs5LJfjKd5fzN8kririWsO2MTiPvEqNn3FtUD0BFINjuwKweTNQTD5zZ6EugAaxUubnEX8VvcGpmGfiVFzGVZNdEWP3Ki8vTc1w+oCW7eYHaaQYR5ink7XHBgffMQoIMcTEuvuAlzmAO0JfZPuVuqnxCcXZ4JhkTHi4+QF94cLDyEpgtelQoo2+0Uy53i4B0v3/qV6vPhDJRflhTlLvJFVwOLJfY55yjZflOEFEDe6Z5CMN2xEtLPH43LlxbmzOCMFVm/iD5q9wbYf1OZsb8QWER9ReXxFUKU1FDKF+YDWHcJ8xtjU2FLuuIoucGKjsCb1Usd/+QO9jzASGXqKFMmZYnvDaz4hVAUabYhAteCBoC92ULidmOQG4ATGeHmcASlYJ8RcDcK/K8kqjbjkuExQvWKmXB8XNLid4i7PuZcuZYyG+0t1LND9TyvqYf8AFLv9E/8AEh3cfM7GmK8XpuNtrHnDKdteGYrhHPFQGHwifF8Snmj2QpnF4H/UBWrF2kFWFXT5lVdX4nHQjFSXAqHMC1nMsl8YgBRAQGgfUQu7QFxAG0jARmw8vEsAr0i2OX3Cmibmz5p+4I9zkhdrI4cyoXE7yto81zL+YPqFqFL2GWKud8xDeYL5sb8ziF9Sxz9VLTGCeSzPb9xwW4+Z/wCxEdC/EobHACIg2taqJQDzTzKBQbmGmCtrot0x7liX14g1WQGoxfKS2+/FzIXc+YJmBFtHV7ix7H3G0Knl1ABU39wVZR7Y5FCdyUpRF1Srb7RpkL3jFQQU59TFVFeYcXTkYADuIpVocal5McqhbmAWUiGMnftHJwTxBttB4YaS/qFNrPiJpNfEsqs83EmyuOC4k5bfMwHiKMUvuJZP3KnL9ynixU5l5gvO5aQRqDWFnDiGTY+NdobB7kGtBDVm2HcDaNFIfcEAs/TB4KcVE3ETD/wZYTacrMLcuILv4lqlCNWxY21bcVTBRcGaZbbLeZmLiVA2NcTeQ3xqUB01uK5SLdh94gZA01G0BL3dw2V8oEogE7TTs9h4mGrUQuj5IicHuNSuHyNy1UpeRz8FwTIe0vzdfEJWhi7kb+Yy8zUC74rvK8sd5ae6QNBe0vkd+IhHRXJuDpqfUuliJtY0W6rgJVFZfqIXrtnzLOY4lX3iphPmKVsI/c876nfRBtKX1MvBxZE9hC/Y9zP/AIoLfN1UEKSqe9TEdDVTLZriKQuvMAKv03E9tXzDjV9zOWq8QVNXnuzHYXdxLHdHiUAob5tli7O3MFWaRyXA2VT6sio03c2zrzMDFfDMmixXLQwJx+5Yzwjbn6mTUpOWCYC0gYlLBg5l1m4uU3GLRr2xGlL/AJjKxXdg+x8d/M2grm4FiwYrcCzlXa9REsSnDBxa+R+4CgX3b5jyNXhZRzF5qqimrVmGjHqWCKr5lVkBrtEWg13hLdX51Bq1M89oCUUIEy8IAK/0r/5K2IXxMsCTZMFKmm4Fl1PECuLm3GGXp3RATP8A2psOEuJLEJxB2CjGN4EAf7OipdQUTmGrGCsx4lKTIUfcSB12JakFbiXwVcSZKXQxrVFBqHcVmorMA70QUQnzLlbrv/3xPGf6haq6Qay06jYFfESs8156ltEWu0o8JEsitZhdVTnJDa0GJXZbO8BCw9yO1iiqgoxpuJW+W6lvDKmvO5w5Hh7xVg2StocQqwYyUagNKta4g/DPcgBofEaPHqNd5S6nZxPe4t9petxTli3jJ7yjXzCqWZ4qAcc1uYrIApvOmfDcq1jMDDTbmKzXeC1/cvE5bxBAD4uIbN3H0ISLyq7hQ8CNIVgzMiggtgp7xeWKZhRMsMuLujMAEEPEbLo3Wo02ga7SxpJt4Xuaa/8AJ9iVM5p5lSwZOJmK06i4bYlNY5lS61xAN3xK8PqIzfEKE5YpXeZHubEuYa5gc732n//Z', 'S'),
	(2, 'HOSPEDAJE SANTA MARIA JUANITA', 'Justo en frente de la plaza principal', 3500, '-35.6388799', '-59.7794795', 3, 'En frente a la plaza principal', 'https://www.youtube.com/user/catalinango', 'https://www.youtube.com/user/catalinango', '/9j/4AAQSkZJRgABAQEASABIAAD/2wBDACAWGBwYFCAcGhwkIiAmMFA0MCwsMGJGSjpQdGZ6eHJmcG6AkLicgIiuim5woNqirr7EztDOfJri8uDI8LjKzsb/2wBDASIkJDAqMF40NF7GhHCExsbGxsbGxsbGxsbGxsbGxsbGxsbGxsbGxsbGxsbGxsbGxsbGxsbGxsbGxsbGxsbGxsb/wgARCAEHAXwDAREAAhEBAxEB/8QAGQAAAwEBAQAAAAAAAAAAAAAAAAECAwQF/8QAFwEBAQEBAAAAAAAAAAAAAAAAAAECA//aAAwDAQACEAMQAAABxloooYwFCUSqiECgAjAApgADAKaMAAVIBpQxo6AAzszMM6iXWWoooZdSSEFMQCAAABAWAwqkYDHYwGArGAAACARnZBhnUyuLBaKGMAABiAAAACwKKKR0xjAYCAQWAhiAQhGRnQZ5qlRRIlkYQyzQ3QoVAjGVYxgMYhgAAAAIRIhCVERmZrmBKAgOzWcliVSgDgtEs72XTjKtCgGAAIBAISzCBUAhGZNiESRLRZaUZUiYk7dZzXCVqoRc1cq1hmyXZRQ0FQlUBKhJMMFLEIkkDezMgqxlCCVwKAmNJIlR26zmvPLrNSsXOmd3ZNyrIzbJAQ1ZSUWlVlE1QkdABEl2C6Eyo0sQoohVFrKIzslYhHbqQYLtNzGaVNOxXJYZvRCEICSak3ubrKKsSnPplvn1UEc94j6c7W5UKNLEStGcNWiUTMzJEd2pBityozlyRAdGhi9CAgGIkzrbWbMommZZ6VrGtySxNSFyjeUFGlgQrJhLQgM0zEI7rIXnXNNKM7wZcFb6hjXQiAYySTOt9ZuMgrRGIQwAgldJUONCBUohaEIqMbIEI7dTNSMJejWcM7xgQN9DN6IYGiaGVYmdb3NmYVZJz5qKs6LESSuma6I2jOsxAoMmAzszJALXKIG9mGdwiQrVXHRFFGiMRkc+nRc2YLNlDCwUkVSJVHRmoJdhJnSAUoIDKyCAFNgkLNJYWUEKuWzoixxNkWayi4WbalmZzppWoIhDJXmizpllQ3hECsQ5ZAo57JIETNsSFiVypBFVzVJtCpmOsSVKptWdcaJBjTNbJjNUXZRzhHUoRKCqkSSorksoyrNIEKacqpXIrlSMVjUQVw6aOA3xvKt5ddZCJUtI4LErIlSiMRlWO8aM3Y6mJMZqlCESIDSaBBRABRIAWuuU1FdknKu2bjrIaVEqTQuzLOnVptrOeemaGd2BBHTmmemxiMpcyFkQkQFtABACs0s1SjKKXoyxXHTskjNg5dNI6c0May1KTozqSTn6Y6MdKlQASPXPOnLsmWpkmQAazWmaxJHTNClka3GhqkDEOWDGyjriZSzG3RHjQq3mErOrzaIOXpmCpdJblYl5941y6sheLcx1lIAdC6Y3rcxLx7yx2OVhDKNCosoqzMk6jLJVlTJLmnZdmkYZ1RlNYVjvAoOUAqUTuxZOfUw3nU6omxkS6WVHBbSSpDCtE1jc1SVYkawZlSYVkvStGiQFZ1jKhZ1nYrEVKgUNJYs3xp2CKzbWXFk1zLSI5QAZ2GxpEgiWTIggkVQCh0Y1lZcs6lAVnW2bnZjqVG+bUClkhqYWVnasVkisdm0mlQUI4gGM0IKKGSZgEK3oSxWckrXpxvHWejGuTpgKzWa51S6yVCAFQxBZhbNiJsZKRqMB2aJlKwGMYSyTYgBWpHVcswM1Dpx0TPTm+f1wRvnTHKzfJgIZKoaM5tIWbJsCdZC5ZFYFIxAIQgURyiiCiKwAFZ0Y6dDLl5dZiyproxc6ZrFFBDsUqAZzaZrFk2MuEdObz6zoty8vTnIhCGrgGqAEVCIAGrN8b64qJMrcdYqUVx0RaBK0BBMrszrFYsVlRpLnSRV2ZNfO6cwAHKKAgohYgAQAA13xvqhmK52UkgbZuxSMS5krIhk2Y2ygjq4kmknVm2vn9OYrhU5RAVNABACpAAGu+N6ShlZOs7ZqhVpnTSzWFTJhCqSTHSpcrFYAKxHTi21x7wAioBGMYxkgSSADWoubuIqUab51cEqss0JhjGTVQWQvPWmbFnPuCKkirfG9I5emAQkBljAoos0CPPoKlpQByoB2a41UBoaw6QoBVUNC3EguXOzDcqFSRFS3LzdOYAAUuiaCLLizBeaiGrCCgFBJUbZ041l0R2JUEIYDFWRJUuepjqVGdisRc1cuG+YADGuibGkMwXCyBlTTCGKgBAbZusaZtFWFRmpQpJAVIJQmzOsumBEJVDXSMtZQgGNeqTQxOepAYFStSHSAQzoxdpaRSsdl6gZ51BKocOypUILIrHrzQhCHHRLzWAiQKXojCxkkgMCpWoAhjOjF2lI01JlktL1AzzVLCgrBXAMEjU5+uEBIio6j/8QAJhAAAgICAQQCAwEBAQAAAAAAAAECERASIAMhMDETMiJAQUJDM//aAAgBAQABBQLxOv1qKxRRRqalFcGPn2xRXjsteGiiiiivGx5Vllllry0UalFFFFFfoWOcTdGyLWLLNjYsVY2ZuxSKK4UUUUV5rRaNjY2NmbDmb8/iJR18C95n2F4rRsjY2NmbMvg5Ubm7NmW8asUDVcoHV98EVn5Im8S82bI2NzY2ZfGy0WjdG5vhmtmhojRFLKzXCB1cIfH+RVmjNWfkXI3ZufIbrLbPyPyHsaGhoaodIVDWGR4V4umdXnaP50/fGkUhqsIftIkf4jldnMQ8xL4Pi74dM6uLRaH6z/On9uchYk6akhyxHsbM2Z3ZTKZ3zH3wfhgdUeX6z/np++LxMWJe4rPo2XF5h7zeL8HyInLYcfwGvxfrP86fvKWGsTFiZHDNhuyF8HhkPsV4Hwtls2eJP8Hxh75MmLE13SNTU1NDU1NSiiuxH7Yfncvx4w94RKaR8iFK0TFiYn3UiP5E+xsjZC7k0f6sQyP2w8V+nF090fIfIxu2WXhSLZK2asSZF0TuRRRFtE3awmWbUfIz5Gbm5ubm6NkWh/puNC96omu6xXD0WXiy8seXFmtihblCn5qvhFW/jHBrE+8NWf5ssfVLLISSN0bM2ZCSNi0OSFl+opMX27yNZGg1RUDsX5IOj+uNjh26eJjjRL6ksQ+xRL0qrpqzVGiNUV+WiNTVlMpj9QSpps0kLcc3cnfCPd6o0Roiy0dsUVAXxlxrsnfZXXcbY2KTJfUo0W2qTE8KKFGsv24tFmzFM3NyUu0XRBi9HU+3CKw4s1lzo1OxaO7NGfHE+Ji6TtxtbJG5J92+ym5CiyqOxsV31JEpc17j7TWOpiMCNIajdna9qNzsbUXmxRkxdJi6cUejZZsfUSF1NhtIfURu9tkxUbDdljeNhp1qysU+C9/0sfcVJqSPZSNEOLRs0vkfFfELXFlljo3ij5G8Wjd8J+j+bM3ZbZSNSaxFMSrNI0iR6auSoXrLfdTYuobmwlsfFxcCmbyR8jPkHN5vGh8ZJa5/yovbTNlkZUfaWqKK5OOyqnn+PhZvLleO3NySXyonPbKP+o/aJxST6Z01a/6+F/8Apxo1ZRRT434r5ad6Y+nK9e13D+dP6/8AWxeCP3eULsf7IkIvWsX+nH64b7ziRnZD0/slytFmx0h5j7a4L02/1Y/WxvLVkPS93wvg/UPrd5XseY+v1EJjY3h4XvEcXikUajRXaCscecX28dGpq+d4bx/OCXhl66fofpe/7mPkorEkq8P8WYrFeCf1h9R+ojXc7HYXNH+nGiiisS6g234o+8JePqfVNVZL1EvguaP77KOyH1RycvIkJCXB8bL4UiUaXKuaj27RUuoN35ErIx5LuPxf2frjH3z+Tt3eK8aVkVzQ/HP68Y/aj//EACERAAIBBQACAwEAAAAAAAAAAAARARAgMEBQEmACIUFw/9oACAEDAQE/Af4WhcdCELE9lCEIWzBOFCEIWR0nRgnQYxjGMdPsXMmvxJ5bJrEofuaEKn70FjfRiqEI8TxPEQhCEK1WRroR42siaOkfeCaMYx7EZJp9kOydWcEDwRVUWFCuQhWvHFWMZNYsWOb2PI8TsZ5ESPHNz1lehcRWTRVQvW/21eix0YjYmaIjQe7NY5s+7wPlTR8KO3OD/8QAIREAAwACAgIDAQEAAAAAAAAAAAERECAwUAJAEjFBIXD/2gAIAQIBAT8B65/5bempS866KEIQmjaRdV0yFnzF1c0apPVeXp+dPNX1fyKXF7qE6yEJtSlKUpSlKUvQUpSsWYTExCE2WZ69Lm8ay5os314LDJl6+RSlxeCny2ZT5Hy46XhgsvS4hCaPK1mGicc45pD4kJwPPj0dKXN6RYuaV4WHpS9HdJxp9B+YWEyjPzi/N7m+vSk/uPI/OJ8DH7SGh8b0fQUfG/vsWXr/AC4H06H94Qy+6+ZfeUMmj9l+inme3dVh8fj0F0Q+Px++D//EACQQAAEDBQACAwADAAAAAAAAADEAASEQESAwQAJQIjJBElFw/9oACAEBAAY/AtUf4CUUdE+iPMOYVOp02o6jmeR03PLo4DjdNwt3Om4W0BBDlbhb0F+BvYNgUXRRoUUUea3LehpfvCGQQQQoMBpfE9EcTVsjyGrY2r8kUafKsYyrr8p9lPmvsjwXbHxyFJU1/VZFGorFPtlOn9p+YHBq2UYBPstqhDWFL0NbUZBRj/SO1qSgheoQpDYhS+qEy+2cYjV9UENUWqaTSGXy8lDY3oXRrLqN8UNBmaGgyak1dWznU7ajvbTKhFX4h0fywt+7fLK9PLriravLVHZPuin5h0v0TunU+Q4fip9ZKhT62PXR6r//xAAmEAACAQQCAgMBAQEBAQAAAAAAAREQITFBUWEgcTCBkbGhwUDx/9oACAEBAAE/IULydEWMv/HBBFSKEJ8VIkOCBjEqVFVKGaQ+RDk7qQQQQQQR4vAgR8Dx5CMpQqCQ7ifOCCCCKPWhR8XgQvmkaLa8E2fISuSAk5ghwSGz2JK6DGGJOxbIZK4glRBBHi8CF8k9nYdxDs9SfCGLbYTy2Nngbby6R4Q5ZMV80jwggxe/BslIwx8MndQjwz1pdhLklbmkkrFL0HePmF32JmiXLETUKw6PxJEkUSiEYvwJ3KEzQSPDVJIcnYRWmehPg7B9hPZ90kfJj5kWwwjwK5WEmT9C5SO2xBDo6kRFoGZDY5aoiB0/sZ0LAhsVGPMa8IfUR6ITkg26KfhF2UxMEyBR2SJbCRHNIRnZEzMVtiQTXGyXAk6IoMFxO5EK5LRm4g8mDCsTPvwdMPYzCRoaIp9nYPI/iXLpV+h8B1CmgIRQKLRYhtP0J/6WeToaQeWmZiCjkbHu4GmzOCC/JlRXwZYxth1w9jMKx3FwtsJfPh/gbHI0NCUjQ7+qzQq4LIS1F/wScNCcZra+YN2UQj5sgfaEuPwiS5jB/ohsRkl4G+aMgxfuljRLxnQscjk0QxGQ8CQFEINhF6Tsy5Zk0ggwLDZlsNIfREj0GSim6MdetiIQsEd0SmsnV0uxXdyJyIIOIaaP6UpXMqnaVjsKS6uNYSTRrYIEmg76H9B5LsaM6EYdi7EHX1UJLN2JgbAa3g8V4IVJGIJH2LSCSxj3N5Ipcy/YhyPix7h9hlEh25Ox0tDPYlxOLGc5MDf6LtDUDH5oaDXhqmiSwYwz3l6QzX3SjJF6+TEbnou3ljKGzoRbNkWoZE7GOLGtVNkkD+EJ2e6uOBq4/F/BcGdTocSDmN0TKycEuWSPd1/sX/2jwwUlhKLDN8GorDdxZ2J8Mc3yLIkyHwObiYyNNMuSnJ1I6kN9MDvdifB3JehaRJtDQ8jjkklUQ/KPFESQE5yIoJizx+mk/BISEXDE+RZHLXowLtTUk+kQFUUUSiVxJX0KKVtCGywiEWwqvPhFHT6qmw8LNgloZBoQrwbkLwORaXDGpKxPkbvYmeQ2zEJOwaJsSGsIEumoHkNBcZ7ExszCgXXErmaJSQK0YgnmU9U3DsPjP6ofhD80s5wWcLNib9GGY0RvzSWFsYsumgR+E+iSErIaRbCGcJgceDZccQeByLiE9JS6zsCudmPTTMImBJ6+xUKjJ64LfwRQBP0z3i3yLqTrBDqxB7i2MxZ/0wkhGjEDnC5LF2JRDkDOTkOnSlWHyLBpuJ3kaOAaTcDitcMdoJJpPJZJbFyDUtHrQhuMYfaVBiR7DpnFE3fCFmBhJ+SfdLhIKOWLUpFq/YnP+BIogehI4FslApCbwNmS/CDwhD9oxcQ0hmvobcoTK0TDgaRa48lguktcSmS2Hnxmg0BhQPJuIbwNd8eBURY+i9NGFJOErGybibFH3ImeYfYuTf0QSP0Gzy6SdDBfsY/5mon2JLCEJm6NweyN8MeElHZkoQpyJmQlBufQaNoMOWMzVi3saxvll1lkzD+kNOiRDO4R4StImyEyG2SEsLDRcW2/ZEoDandoviuiCag6kTSRO4nT9H3/AEp1JCTcJi8A8aX6GObfB0iHb2x6HHomaLKLuXYoYtlNwc4VvZ6wn7GLkHJXIej10I9qROSbSGzRcJdiZ0X0SJy7uDcCWbnDH2Xq8fQnV8iDLgfZVgggWDIORYDHOkxG3i3obnLJS0NnuiRcpQkbxBgNZmxZHdHR2AUcjyIlRkITsjoIUQMh0VtioGLogyaKNCC1SCWhMsOPMS5LbGJJpBFNg2IFgYy1FFmhWT0SzORlaEs5CUpQXIP+ReEDENUlIdnR5JgbkTNxFzvEr9CZ4R1OkLwTWCPF+BZEJGkrwPmJhxI3lbBetgR/g/sOyeiY068IMEEFzzJ0Zcy7KSJsMzgSUUro5J6Q4W6JdYI+RZENZRssIETP5IEPI8N7MqDayCKQjGxoPUSFybl04phk4XSYwxSt5HVz0TuBJPwv4FkQ4ZnJ/RKERpWR7h1cEjw0KjHwGx0sYWCwY6Cc3kdaJox9MjzmkWGnHg8+CzRAiQ4DEMjGWL7Fae1qWEebpE0QuBhE9izDwKFjQjYHCyOTD8JLDymkEUiiWjtGHceapEQJCbElH/ZMpeG11lFqN3E6IvqM/sZGViLuGsdVRgTFZqhEUSEEEoJBqsDyJCXnmCMFSTYIk7UaRBvJarFaozMLLcmQlYlCfAz45CUwOYIIIQkpdkJVk+xpdJHg/gN7pgb5PusVkyQLIiD2jKNEjcfhnyyJV9/ZElcQbTLEWP6OLvN+EScdyVCFRSNzRNEiVzQ3JbzSw3aFSoSt4oTMgjwQl+wlxDh/bGNd/IwfiLpHuqcCSuIMc6L1VIIEP7+SSqPSirXg4Wf0bbLdGMfGOXB/KJ2qoqPMDqxKqIIeTEKWD//aAAwDAQACAAMAAAAQkBtvXn6S7fpby0LeUgqXJqr0m75JdPNpJuyyhORMSpNtNIvwf0JNN6ybe1tzNgSW2JpptNgySsg/bdEvxK2WSySyy1sG6y76tOIct9a2ySW2BG4kN5b62/AV4UWuixoaMzwPeppyWJJJaxhxI3FxV8xolPvi6mrcONLZY/gtAsWR5oeL8Tr+nSFegdMjl3WNhPeMgxtoSArnEK11EdMD0kXJW1gqNRttmh5hf2f6UMQ2AmxNkap2zSUqvn5Eneb+wLr4E2ppi7qKm+g7/rcuxHNCrUZpy7JtE9SzHtC1MegeR787KgWJX7ptkZu3uyJt2i/KLSovkTmdnfFtuRC6MscGe2k03NFBzWvPbAj7d4X728dqprhPuDI6gUtJzyT/AAT/AJDbx2JfYrVjaxb38Kn/APGXtxCmykPPThOHtLlf9FfW3/lZ2qTJCSLt4L6lV+9FVq6/oRlLXmUOT0sWRcjZEwxt8wqjJbIJ/wC0FmtntKq38tBRi8dmodJ7yH2ECYSeKHz5Le1K31ltqgPXo6ZSUrbBpiTMryVPl0p29ojQhALbbC8963iJCZ8iJitlk7T74JSeG1s5W+iYvDJEbAKqui5MHG3fs9y7e/5SQtq5WDDBJuLx9XXN3Gt/O2xc/bzP1B/b4skjH0nJWllmemDDO4VUf8oqPvmHEyR/dNtI/wDgFbHN3Cd1cbb1hp//AP4oEz00HBAvT26L7ei6tfuSX/YETx5h7pMkb/Hyfdux2/mgS/Y75/Z95p1a/fJJNdSxh0gqW34VC/dJtyHDIlpK2sWHKwk2/8QAIBEAAwACAwEBAQEBAAAAAAAAAAERECAhMDFBQFFhcf/aAAgBAwEBPxD99LmlKUu6/LS6UpSlKUpe5aUpfwUpSlL+GMoojFm5m1KUpSlKUvdGRlZIIiLooTuqy++FaCCEy+C9y1XRGR6RlFYQQQhNaiopRhMYpWc4WjysoQgohDY83HBxrdRrGhsSZUb/ANORYQ+l+bIQmNiwxi7l6NHrPg8YWX3oRS4ufo+yCXJAif3CmE7ONHqupCx9EPP0f6ZoupCfOF6Iej/BB9i6ZEHGEhB5+dtKUpcUvUutiFyo9PmreCj2azCEz53PZ5enzRrjLTDRbLLKKGwnE5dLLGxHlcjQiyl9GlOOp4Wt0apYneESWKhs4FBs8CaaGQ+lVhCEIiIRTFDCC4FL0Ub6UTPp4fKzOctucCp/wXHgz9OWLgNfOngfGGiCRMUu0JqmUxuFG+BM9YVYQ0cDkF4cmQnw/hkdgkXwpUVFQ/BiJcHqSIJJxSlwrGc5gkRDE0eiouFCHgbKOj/CHwq0omJo4IPzC8Hk9E+R+CEb0ubhWUpcrCPA3crjySIao0H7mlLhDFgxDX8xCpnnal6KUjEilh6qzgiMnIkTS4+DZUNXW90OMQjKEiKQxwieKQ4Q/CCTItINtFgvCDWITNLvcxaTZD8EhDEUot7lqi44GPCHMQaJ08aQSGNEZMLQxDWC8PuyHlejWW4ekI8SkfTCLCw3qhD9ENNkYnheH0g9Ke5Xo8pckR9wl6cFvCbXZCH7lrga/gmLw+lxdEiEw8MXurXxCJzi9FL0L0Q/SYhwJDDcYg9EssXhbnw4FLicnJCa0pepeiy3oTnSZpRPKJh6Un0Wt3uXlIgmIbuPAtOdvc0WGfR5QvBNzF7EMglhiLl8oWlL0rzDF6NcjZUcCfBXsh9E6KIpc0SyxaPwUmU4Njz4KW7/AApaNwQupog3JWUUoi9ExexciWLlqjcXWY/B+60vRe1IXBMNc45wxYWaLXxvT//EAB8RAAMAAgMBAQEBAAAAAAAAAAABERAgITAxQUBRcf/aAAgBAgEBPxDeYRx+mEJ+lNYTaYmZ3vSEJ+CEIQn46ioqHiEJtCE0hCEJ31FRSlKynPRO1LrpS4UrLouSEJsnl5erEQW1RURkrLtCEIQiGlouHosvRjE8oSxSlzCEITUIIiEGEEv8OB4fUW7GiZQmh+D6Vo/NRa1tWKXteXp8H0LX4WJQhBHoSrzD6H1LD7uPoX4GUvY2Emhi9yWfg+hbrC0hcPuobio+4W6Ue9F03d6vrXQ/NFRQ01hZQj4UuWUXJcv8C6GuNB5hq5hEEEkyEjRjRkQSECQuYQhCDxOlddyMNzG/p6REDgSIGoODweNOSsbnH0VESGlSdMF0txE5Pj0gXufhCChCD5EVIiKifGno9EoKCjbZXmfgaownOOYwk8eMJitH6NPCihSXillLlejcKiSBOrVmhuUVmE6RNsQxlYiEo4wSIK3lCVqEQ0HgglyMTPnV0icn8CtaXPJMIQhBqkwsQ9Cy7fBZwE4vNIQZ4y2G804vRCaR55LiEJC4Rf4KkxxIbIKVEaM9z/hXpBrtVRzpCYfh/A8EVoZZV/cKMhtvFKLE01yLkYsohMN/iTLxhi4Y3xTkIZMGiRUvQxDdV0bYrilWOOqYpcI4yxjx8DGNwTjx9ksLwlEoUg4Q2kR/eml0WrGXiYSkU4D6eutwSQsIfCOWj5MfA9e9LtNmPRIb+kOUexeTohMVhHgTy+eyE6H4MeIJDYo4YvI83ZcscSYQ/CCRMPF/E/B5SELDaay3umWseQWyD2nbS0mEsL0aHhDfSvT1hej4R8y+5S5pd1wx+5ZCdHrN6HiFShCM5HuxbQhenxl5uUh6zTpD0I2ILPrd/ibRKj3g8psoxERBCD652NwYpMtBKvrfBORasn5W4N58Y4EVufWMSP/EACgQAQACAgICAgICAgMBAAAAAAEAESExQVFhcRCBIJGhscHRMOHx8P/aAAgBAQABPxCBAgQsl3xKvUCRlByWTG2eYxuZlP4V8V8VKlQJUpgS3ytiqlj6i34rwQkF4IDlnvZXADQTX4bsQZYnwPgQiLNXqvh80AdyvhIkqp7zKlQlcxHYgjWEMlmT5CST4yR9QXUt2SnfxeKUNEqVK+X5mZDBliQYqyBvMQhXZOVZCyq37gHSMv8ACpX5BsmcykA5CcTHqD6guoeRAd/BVxAOvxf+BBtP3DrS+4YTL0S3/pFOEc4M8KHmjRxoc8zyGPCBNkojIHYXHLP/AFNA/uC0gZJitbhKxxL9S/xEwXUH6h3YSq4gHAfhcuXLl/CxBsRLjEu0eMUej+2PCURyH1D8cDz/AAzVA95m1GApgWK6ZT1Pr5YwCaXmVcYqVA+Q/qf3DEubiEtbMSiGg/8ACg2hENmIcr9RCC+D9ss0BFP+kX2/3BhunjMsiCFRZiuP2YtoEW4Hoi9wyZtTX09xPB6INwX5YtWlZQn7MRgIheiHAvmD9EIPQuOUTMxxFQo1Cn5rYhv2E0H3Ym2XpljKeojs/uI9vRH/AEipTj92PGCLdPqKhkeSNtr9xu/9IPmEcgfbAb/dEihXqoDt+o8CiJc2pQuoFdOEayvHiE1byL9zI2+2V7KJQARBRvHEuWNdQaLK9EFkuq5ir4uNFsutymZiu4P6oGSIFHxKWBYmI+pcGZ/ElrAQuB5h4D6Y6ofTOZ9sA2n2TlpD/YIwGReyC6uCS7xFYg7hxhBcwWD9qbMJFFKMS6U7uPCWO3EzAX2QMAW9T9hAc8Z+4AqtPVQ2JnMczlDBECC5OZhFz4gtFUyhZ/iWBjKu3SI/XuIF7i0Zz7itxLqVatU/qH9LLkgVN1wy/wDu4XWuJdbBnuJBZxHdHmG2WnhGljb7ioK/iZSxi0cxB39JUybfEv6zP0tzmGy7x/MRa8Qrh9S5t3TDbQ1W42qylx8GMFhuKVYlgKIWCz1FWL9TUt7iBn6Qk0J3NWvUBjCWJ4TOs+syzu1eZnyuBQKTAtsdwNlFQVpuVsCorj8VkP6WVQqB5mKqxxLW3qXsVMX5TPLKxE38RtqinO78MKcNeIllAeJyhT1CDxKav7gFjFOoKc7zGA4bYZpWeIxMGo6Ld8ETcnMYMaSMC1RvUU04qVeoCwF9SkFayWxzAD7mns7lK2+oBMh1UbpI5zS9wCvXgIiXB+oXbl5lnbByFmF3E2q/UaLFQqhr6lKxMoarEvlBn1YP4wM6lSNYv4ap+OIqc+/Esuc+ok1ipgDg7hmn9wqpDEA7Ue4hl9SwDdwOTPcsDRfmXXYDaq/U4EK9SkwuIkqBfcFVOuZR4Y5cRTvJ/URdbhrDJLAJEro8yiOlQmGoKdG+o2aTzFugfqBGzCcSgU5ZnGyUgpseJVZW8Q2bgrKxyfAE7+xluUCtYYqWElN6Nk0za/h1FmeJ56xEDowUWuUWTFAufMpXcuKhTO5iYQcWfpg0tq+IAzxWoymiYOPuIaW1hgLxb5uLaKadMWBt9wYazLW2S6u9eoTux5hqt55qBpb4JUW9cwgyPuDdkJxMViVwfZK9ty0Vg8VAlGF8xuwCxU6qACjc2uMzPFHqlLI6QqU3LUO0isOSEdRa+J/XHe1hQFgCbgFVcIQkuxx3KkEcMvMybjDaFauUgOsoQU4p6/3EjZ7gra7ihcdnqlDX7omgs3ByHCwrRq4l4bPUNudnMpeJrt9xrImZSwp7uBlgjmBawpmS4yUxPUstYHRAqnE5R8S5xDUdy8Sg7Y7i5fN4i4epl9YK3mIA5YqdwVZblriPEX9EqsxydS3qVrM+0tXglzyQg2saje4GNZdUx5PdsEqQpeyWgSsuogYZYzLgL8HmVWqG/MV0UxMTs5gI9RI4d8RY+mAau5fvHNxWwMtu1Ichw4qFhFAbs8kE6GEGQxB2Q24oiS/g18FwS46fh+LweofEVUqKJUHH85dgE2BMIUot0xXf7Jaxc0wIRXmLFwKCY8y6QkltRZux1E4KHjm5qlSpUBob1FGjao+/HOIHyhWjAkTqb4iS1ERiUQWQkZoOnmJRXBiJNAObgDIsKWvMGbR1U4ZfmUKP3QlKpEs1iOyeYjVtavHw3johud/FS04PkiriZN/xNjaXVairCllEQz2i0cdZ6SqNGO4OXRzDKDTxcCXnBMiKoFqXHUt48xVPiKyH6g0WcRUfA/UA8H6hVf4IFwfqWqBiKdTfRhVdxHenLcREEsyxuMbLJQNqLadTMgSpu/A7JCjmAeZiYjMzLql1ErZETYkJuul3HiG+yCXhx0+ocmjqqiBu+GYgiNTgrMsjzLNwYiD7TlKdMHhZcLAazGh5jgVK1mFT/wBCCUFbahawWi7lxoec4jcX+CsrYgzDLJ/HltTd8RFIeRbUQkAFYYUlP9ESwCtQyKBrFkA0q+CMXf7RW+47V/BDYypXxzD4KnSLx3MsFEaHiHDccpdVG0wM8mFFNO4eBWNYs4VBlDmqOJp+P8Q5GYgwbO4uZqdULAUby8XATCeRK+Hxgqan8Hpj/wBBctHFPO41jaf1FgGjykHIw0FgdfYTBk+JT0+mAc/qf+JA2ljqZUWsnUWCkKs0xy6PNpDM4dJcs6y2qj3Ntcu4/LwFxipbWBeMxK/8pQ5PDKdhjRLH1HIAfijD/SFM59ErYW92l6eHGKIAJTRRv7htkXh1Fcge40iX6lpb29QlI79yvVhGCoOv6mW+0RrJCGXJz0ELLcLW4iBByW4iXQtl3Ar19zJBDmjUEjBq6MQ5bgHcwCNNTBQtsYqq9kFJARQvAXZBk2ksJyIxhhlt+ZoHMZ9S5ThfyBVBXolI0lMuCt5CND1YPA80M8r9kuG6lZzAqXFrxcHtROa3COD7YPcvBcGdQ7VSxEHQjYFjm8xCCb5RxHv3IBQKR/kHIsj/AKTKmHC16lZXleDMEIKgSCc2xktt3rUApfbEDh9eJZYg+cEXYpH0VdkWiykVp7+CX5lvbLauGxHxtX4gG1NYWFKLAL7CWKCvgilFcOTAFVee33LhF2DL2EGBMy0CLbHhhwK1ptBrtdf+IDteBDALyrYjf8ExzbKnRC7QV8TZwd4TMUeBMpn7ygGAHRU0IvzLvm4AtamBbR5mzC+GMaZ+0tf5U5Y/4gA2GKixF8rEBVh3ZqNRY+DUCojaIQJasFQjg9RbXB5ZajV/EHYi9Syi6JyBZBGgWV7/AERRsT6+DcNksjQGxgl3epzEI0j3xMAts1cRRb5GBsqcDwiZShyQMLR3qOvt6zKmZGbNTs/RLdy/hgWKXmYC79qAoB6QDlubJQqPiQAS34gcs+bqY2wdki1fszG6PsTnj7ZRoD0Kis2338OmNjAAgo0u4ExuCqsO02CY7htimhI6Ad2VyvmxUxgAesQiIfUB2/mJsFs3xMoZWVSZ7hxCp/0qWBhfJApEDHmMalaCEQpyRawcTK+bNSgupzzALprcoBo8bgICPoSi0T2quKcDnglsHRzAXR9z7lQguxyRXQxzwHmfxaZduO4Bu32zp3qEV3w0LPbBKceibiFuccS2lpvkhhBRh7jVqupog8zFRjclRveOJYUWCFVQfUTIa5O5UdF1Lc1PUaKJQ0wfOYHRiFkbqiWWxM2aMiRrGwcztrMQXe4paOcXCgIx38I+Jc1AW2OWi7GoEb/crxKgQPgAq1S6aRDVx8IjuGXUbMAR0zmNsDqchV8xEQGhLmiPIdw/R/1KHeIKHyyjvMwDddDcS6ZdMplaOCa03I8T6ieIHiUYc0agOYC4IHSkwZb3G0bOo003cpceY1ObiKBSrcMpayQXXz8QO0TxP/GlSg238XW2I4i3xFxNkE7gSVCEUzcRA6lv4DqmB5HFxLmCxtFZvDAooSKSrjT9kyuG42F1Ds3uUtgzv5XcsGpV6l+pelZ7hZ38D0YJAWXmVzDaSilGpsw+SNkUF5hQKE8MsPdw1ydoIWlQbIRxFoy3iCYAnP4al/DuEPm1JZ6fgA3Bb3OYVJ7EIDoFY5lApcpZOqCm4aHLxAcCS1YZWeIJzH6JzF+p4/yjd2QZnZK34iWsbj3VnMOAFPEIFuDY7jUFkh6Y1aQLMqLKwgDbTiUPM8SZYHDAD5fhQLgSrxZ88x2/jakEFupRuKsajnRnpFsYdHRzjmJszeZmjWibQfC2IC0nGK8zsVg6hEM6JQPdsyKNbmDOhFQbqPRcc1FNiIqXKRZY7hVYA8k8pXxz8a3LjAWNivE5LPUEFMOvk3Nn4a5ofA8KcP7Qb280zBr6JgYnL63LCYZoiav0L3MeYpxUBMiK0TzM/wDio67bckSoQSorBdYlNv1MUNCnqDoi24dxPiuomzKQcZs9fg/uPwHziAIELb1EJhRl+wyprJ6iNAR6Zs+Vd4gKVCAQwq4iYGD4efgQ+uglROmAcy6tPXcXpIucwkK5iHcowyQXhJjshUoETZAjdwILCMEFJ0VuZAQ4MR7i0QrqJrBCvi4/gG2qzGnNwPgR8TrPuN5MxCjlu5siME9/DDUVTOvltQVWWCeCC9y0XV6IdkoF6Qq9UcRDqB4ajijhA4JDBGqVlVPJBo7zBHXogUF4lAI9IltH1FuP4n0ioo1C61f3H8Wj3O6WyndEvUd3Osh85mSQOWW9h7SxKvMqtsr8yxP6wt0wFaYJgzwQIiLGI7Rvi0VOJlmkCcbltcTMlb0SwVUcx0P2RltkPMRmqIl2/DFjcsYr8tHuVIAprKYSrZZ3BN7lQAeZaoff+kvivjj4Ifhp+AlRHqzY2zYY7X/ENFM/1De6h2KYz8ETctzLV3KDLmJbinGYDiWLUolLCD9TjNvUaI487lXtEiRIkJVMCsyStRR+LLFrJJalD2wQSr90tCL2/ifg5+UMa5YCXrm9wABQH8xMYI8YnuV5jLWOplVL8gIdQHU+hFtm5U1MnPEsiGW4iwEqszj7jj4SJGAwWPESmqnXzbqafgK3DAsQy8JeUvbKxU6Iis/BCH4LbV1GOvBDoRR65l3XTR8EVTPZEIb7I1qBHEPJi59xhAKjuAPEFaiGPgls3AZe5UrLbxH4YxnMiCwVP//Z', 'S'),
	(3, 'HOSPEDAJE ANITA LA HUERFANITA', 'Un hermoso lugar para pasar el fin de semana', 1200, '-35.6388799', '-59.7794795', 2, 'Ruta 66 Km 45', 'https://www.youtube.com/user/catalinango', 'https://www.youtube.com/user/catalinango', '/9j/4AAQSkZJRgABAQEBLAEsAAD/4QPiRXhpZgAASUkqAAgAAAAOAA8BAgASAAAAtgAAABABAgAMAAAAyAAAABIBAwABAAAAAQAAABoBBQABAAAA1AAAABsBBQABAAAA3AAAACgBAwABAAAAAgAAADEBAgAMAAAA5AAAADIBAgAUAAAA8AAAAD4BBQACAAAABAEAAD8BBQAGAAAAFAEAABECBQADAAAARAEAABMCAwABAAAAAgAAABQCBQAGAAAAXAEAAGmHBAABAAAAjAEAAAAAAABOSUtPTiBDT1JQT1JBVElPTgBOSUtPTiBENTAwMAAsAQAAAQAAACwBAAABAAAAR0lNUCAyLjguMTQAMjAxNjoxMDozMSAxMDowMzowOAAAAAAAQEIPAAAAAABAQg8AAAAAAEBCDwAAAAAAQEIPAAAAAABAQg8AAAAAAEBCDwAAAAAAQEIPAAAAAABAQg8AAAAAAEBCDwAAAAAAQEIPAAAAAABAQg8AAAAAAEBCDwAAAAAAQEIPAAAAAABAQg8AAAAAAEBCDwAAAAAAQEIPAAAAAABAQg8AIQCaggUAAQAAAB4DAACdggUAAQAAACYDAAAiiAMAAQAAAAAAAAAniAMAAgAAAMgAyAAAkAcABAAAADEyMjADkAIAFAAAAC4DAAAEkAIAFAAAAEIDAAACkQUAAQAAAFYDAAABkgoAAQAAAF4DAAACkgUAAQAAAGYDAAADkgoAAQAAAG4DAAAEkgoAAQAAAHYDAAAFkgUAAQAAAH4DAAAGkgUAAQAAAIYDAAAHkgMAAQAAAAUAAAAIkgMAAQAAAAAAAAAJkgMAAQAAABgAAAAKkgUAAQAAAI4DAACGkgcALAAAAJYDAACQkgIAAwAAAFQBAACRkgIAAwAAAFcBAACSkgIAAwAAAFoBAAAAoAcABAAAADAwMTABoAMAAQAAAAEAAAACoAMAAQAAAHwBAAADoAMAAQAAAAcBAAAOogUAAQAAAMIDAAAPogUAAQAAAMoDAAAQogMAAQAAAAAAAAAVogUAAQAAANIDAAAXogMAAQAAAAIAAAAAowMAAQAAAAAAAAABowMAAQAAAAAAAAAAAAAAGwYAAEBCDwDA2KcAQEIPADIwMDk6MDM6MzEgMTc6MTI6NTQAMjAwOTowMzozMSAxNzoxMjo1NAAACT0AQEIPAAAAAABAQg8AAAAAAEBCDwAAAAAAQEIPAAAAAABAQg8A4JxBAEBCDwAAAAAAQEIPAAA/qwFAQg8AQVNDSUkAAAAgICAgICAgICAgICAgICAgICAgICAgICAgICAgICAgICAgIAAAAAAAQEIPAAAAAABAQg8AAAAAAEBCDwD/4Q8JaHR0cDovL25zLmFkb2JlLmNvbS94YXAvMS4wLwA8P3hwYWNrZXQgYmVnaW49J++7vycgaWQ9J1c1TTBNcENlaGlIenJlU3pOVGN6a2M5ZCc/Pgo8eDp4bXBtZXRhIHhtbG5zOng9J2Fkb2JlOm5zOm1ldGEvJz4KPHJkZjpSREYgeG1sbnM6cmRmPSdodHRwOi8vd3d3LnczLm9yZy8xOTk5LzAyLzIyLXJkZi1zeW50YXgtbnMjJz4KCiA8cmRmOkRlc2NyaXB0aW9uIHhtbG5zOmV4aWY9J2h0dHA6Ly9ucy5hZG9iZS5jb20vZXhpZi8xLjAvJz4KICA8ZXhpZjpNYWtlPk5JS09OIENPUlBPUkFUSU9OPC9leGlmOk1ha2U+CiAgPGV4aWY6TW9kZWw+TklLT04gRDUwMDA8L2V4aWY6TW9kZWw+CiAgPGV4aWY6T3JpZW50YXRpb24+VG9wLWxlZnQ8L2V4aWY6T3JpZW50YXRpb24+CiAgPGV4aWY6WFJlc29sdXRpb24+MzAwPC9leGlmOlhSZXNvbHV0aW9uPgogIDxleGlmOllSZXNvbHV0aW9uPjMwMDwvZXhpZjpZUmVzb2x1dGlvbj4KICA8ZXhpZjpSZXNvbHV0aW9uVW5pdD5JbmNoPC9leGlmOlJlc29sdXRpb25Vbml0PgogIDxleGlmOlNvZnR3YXJlPlZlci4xLjAwIDwvZXhpZjpTb2Z0d2FyZT4KICA8ZXhpZjpEYXRlVGltZT4yMDA5OjAzOjMxIDE3OjEyOjU0PC9leGlmOkRhdGVUaW1lPgogIDxleGlmOldoaXRlUG9pbnQ+MCwwMDAwMDAsIDAsMDAwMDAwPC9leGlmOldoaXRlUG9pbnQ+CiAgPGV4aWY6UHJpbWFyeUNocm9tYXRpY2l0aWVzPjAsMDAwMDAwLCAwLDAwMDAwMCwgMCwwMDAwMDAsIDAsMDAwMDAwLCAwLDAwMDAwMCwgMCwwMDAwMDA8L2V4aWY6UHJpbWFyeUNocm9tYXRpY2l0aWVzPgogIDxleGlmOllDYkNyQ29lZmZpY2llbnRzPjAsMDAwMDAwLCAwLDAwMDAwMCwgMCwwMDAwMDA8L2V4aWY6WUNiQ3JDb2VmZmljaWVudHM+CiAgPGV4aWY6WUNiQ3JQb3NpdGlvbmluZz5Dby1zaXRlZDwvZXhpZjpZQ2JDclBvc2l0aW9uaW5nPgogIDxleGlmOlJlZmVyZW5jZUJsYWNrV2hpdGU+MCwwMDAwMDAsIDAsMDAwMDAwLCAwLDAwMDAwMCwgMCwwMDAwMDAsIDAsMDAwMDAwLCAwLDAwMDAwMDwvZXhpZjpSZWZlcmVuY2VCbGFja1doaXRlPgogIDxleGlmOk1ha2U+TklLT04gQ09SUE9SQVRJT048L2V4aWY6TWFrZT4KICA8ZXhpZjpNb2RlbD5OSUtPTiBENTAwMDwvZXhpZjpNb2RlbD4KICA8ZXhpZjpPcmllbnRhdGlvbj5Ub3AtbGVmdDwvZXhpZjpPcmllbnRhdGlvbj4KICA8ZXhpZjpYUmVzb2x1dGlvbj4zMDA8L2V4aWY6WFJlc29sdXRpb24+CiAgPGV4aWY6WVJlc29sdXRpb24+MzAwPC9leGlmOllSZXNvbHV0aW9uPgogIDxleGlmOlJlc29sdXRpb25Vbml0PkluY2g8L2V4aWY6UmVzb2x1dGlvblVuaXQ+CiAgPGV4aWY6U29mdHdhcmU+R0lNUCAyLjguMTQ8L2V4aWY6U29mdHdhcmU+CiAgPGV4aWY6RGF0ZVRpbWU+MjAxNjoxMDozMSAwOTo0Njo1ODwvZXhpZjpEYXRlVGltZT4KICA8ZXhpZjpXaGl0ZVBvaW50PjAsMDAwMDAwLCAwLDAwMDAwMDwvZXhpZjpXaGl0ZVBvaW50PgogIDxleGlmOlByaW1hcnlDaHJvbWF0aWNpdGllcz4wLDAwMDAwMCwgMCwwMDAwMDAsIDAsMDAwMDAwLCAwLDAwMDAwMCwgMCwwMDAwMDAsIDAsMDAwMDAwPC9leGlmOlByaW1hcnlDaHJvbWF0aWNpdGllcz4KICA8ZXhpZjpZQ2JDckNvZWZmaWNpZW50cz4wLDAwMDAwMCwgMCwwMDAwMDAsIDAsMDAwMDAwPC9leGlmOllDYkNyQ29lZmZpY2llbnRzPgogIDxleGlmOllDYkNyUG9zaXRpb25pbmc+Q28tc2l0ZWQ8L2V4aWY6WUNiQ3JQb3NpdGlvbmluZz4KICA8ZXhpZjpSZWZlcmVuY2VCbGFja1doaXRlPjAsMDAwMDAwLCAwLDAwMDAwMCwgMCwwMDAwMDAsIDAsMDAwMDAwLCAwLDAwMDAwMCwgMCwwMDAwMDA8L2V4aWY6UmVmZXJlbmNlQmxhY2tXaGl0ZT4KICA8ZXhpZjpFeHBvc3VyZVRpbWU+MS82NDAgc2VjLjwvZXhpZjpFeHBvc3VyZVRpbWU+CiAgPGV4aWY6Rk51bWJlcj5mLzExLDA8L2V4aWY6Rk51bWJlcj4KICA8ZXhpZjpFeHBvc3VyZVByb2dyYW0+Tm90IGRlZmluZWQ8L2V4aWY6RXhwb3N1cmVQcm9ncmFtPgogIDxleGlmOklTT1NwZWVkUmF0aW5ncz4KICAgPHJkZjpTZXE+CiAgICA8cmRmOmxpPjIwMCwgMjAwPC9yZGY6bGk+CiAgIDwvcmRmOlNlcT4KICA8L2V4aWY6SVNPU3BlZWRSYXRpbmdzPgogIDxleGlmOkV4aWZWZXJzaW9uPlVua25vd24gRXhpZiBWZXJzaW9uPC9leGlmOkV4aWZWZXJzaW9uPgogIDxleGlmOkRhdGVUaW1lT3JpZ2luYWw+MjAwOTowMzozMSAxNzoxMjo1NDwvZXhpZjpEYXRlVGltZU9yaWdpbmFsPgogIDxleGlmOkRhdGVUaW1lRGlnaXRpemVkPjIwMDk6MDM6MzEgMTc6MTI6NTQ8L2V4aWY6RGF0ZVRpbWVEaWdpdGl6ZWQ+CiAgPGV4aWY6Q29tcHJlc3NlZEJpdHNQZXJQaXhlbD40LDAwMDAwMDwvZXhpZjpDb21wcmVzc2VkQml0c1BlclBpeGVsPgogIDxleGlmOlNodXR0ZXJTcGVlZFZhbHVlPjAsMDAgRVYgKDEgc2VjLik8L2V4aWY6U2h1dHRlclNwZWVkVmFsdWU+CiAgPGV4aWY6QXBlcnR1cmVWYWx1ZT4wLDAwIEVWIChmLzEsMCk8L2V4aWY6QXBlcnR1cmVWYWx1ZT4KICA8ZXhpZjpCcmlnaHRuZXNzVmFsdWU+MCwwMCBFViAoMyw0MyBjZC9tXjIpPC9leGlmOkJyaWdodG5lc3NWYWx1ZT4KICA8ZXhpZjpFeHBvc3VyZUJpYXNWYWx1ZT4wLDAwIEVWPC9leGlmOkV4cG9zdXJlQmlhc1ZhbHVlPgogIDxleGlmOk1heEFwZXJ0dXJlVmFsdWU+NCwzMCBFViAoZi80LDQpPC9leGlmOk1heEFwZXJ0dXJlVmFsdWU+CiAgPGV4aWY6U3ViamVjdERpc3RhbmNlPjAsMCBtPC9leGlmOlN1YmplY3REaXN0YW5jZT4KICA8ZXhpZjpNZXRlcmluZ01vZGU+UGF0dGVybjwvZXhpZjpNZXRlcmluZ01vZGU+CiAgPGV4aWY6TGlnaHRTb3VyY2U+VW5rbm93bjwvZXhpZjpMaWdodFNvdXJjZT4KICA8ZXhpZjpGbGFzaCByZGY6cGFyc2VUeXBlPSdSZXNvdXJjZSc+CiAgPC9leGlmOkZsYXNoPgogIDxleGlmOkZvY2FsTGVuZ3RoPjI4LDAgbW08L2V4aWY6Rm9jYWxMZW5ndGg+CiAgPGV4aWY6VXNlckNvbW1lbnQ+ICAgICAgICAgICAgICAgICAgICAgICAgICAgICAgICAgICA8L2V4aWY6VXNlckNvbW1lbnQ+CiAgPGV4aWY6U3Vic2VjVGltZT5UJiN4MTs8L2V4aWY6U3Vic2VjVGltZT4KICA8ZXhpZjpTdWJTZWNUaW1lT3JpZ2luYWw+VyYjeDE7PC9leGlmOlN1YlNlY1RpbWVPcmlnaW5hbD4KICA8ZXhpZjpTdWJTZWNUaW1lRGlnaXRpemVkPlomI3gxOzwvZXhpZjpTdWJTZWNUaW1lRGlnaXRpemVkPgogIDxleGlmOkZsYXNoUGl4VmVyc2lvbj5Vbmtub3duIEZsYXNoUGl4IFZlcnNpb248L2V4aWY6Rmxhc2hQaXhWZXJzaW9uPgogIDxleGlmOkNvbG9yU3BhY2U+c1JHQjwvZXhpZjpDb2xvclNwYWNlPgogIDxleGlmOlBpeGVsWERpbWVuc2lvbj4zODA8L2V4aWY6UGl4ZWxYRGltZW5zaW9uPgogIDxleGlmOlBpeGVsWURpbWVuc2lvbj4yNjU8L2V4aWY6UGl4ZWxZRGltZW5zaW9uPgogIDxleGlmOkZvY2FsUGxhbmVYUmVzb2x1dGlvbj4wLDAwMDAwMDwvZXhpZjpGb2NhbFBsYW5lWFJlc29sdXRpb24+CiAgPGV4aWY6Rm9jYWxQbGFuZVlSZXNvbHV0aW9uPjAsMDAwMDAwPC9leGlmOkZvY2FsUGxhbmVZUmVzb2x1dGlvbj4KICA8ZXhpZjpGb2NhbFBsYW5lUmVzb2x1dGlvblVuaXQ+SW50ZXJuYWwgZXJyb3IgKHVua25vd24gdmFsdWUgMCk8L2V4aWY6Rm9jYWxQbGFuZVJlc29sdXRpb25Vbml0PgogIDxleGlmOkV4cG9zdXJlSW5kZXg+MCwwMDAwMDA8L2V4aWY6RXhwb3N1cmVJbmRleD4KICA8ZXhpZjpTZW5zaW5nTWV0aG9kPk9uZS1jaGlwIGNvbG9yIGFyZWEgc2Vuc29yPC9leGlmOlNlbnNpbmdNZXRob2Q+CiAgPGV4aWY6RmlsZVNvdXJjZSAvPgogIDxleGlmOlNjZW5lVHlwZSAvPgogPC9yZGY6RGVzY3JpcHRpb24+Cgo8L3JkZjpSREY+CjwveDp4bXBtZXRhPgo8P3hwYWNrZXQgZW5kPSdyJz8+Cv/bAEMAAwICAwICAwMDAwQDAwQFCAUFBAQFCgcHBggMCgwMCwoLCw0OEhANDhEOCwsQFhARExQVFRUMDxcYFhQYEhQVFP/bAEMBAwQEBQQFCQUFCRQNCw0UFBQUFBQUFBQUFBQUFBQUFBQUFBQUFBQUFBQUFBQUFBQUFBQUFBQUFBQUFBQUFBQUFP/CABEIAQcBfAMBEQACEQEDEQH/xAAcAAACAwEBAQEAAAAAAAAAAAAAAQIDBAUGBwj/xAAaAQEBAQEBAQEAAAAAAAAAAAAAAQIDBAUG/9oADAMBAAIQAxAAAAG39N8eQxjGSJE4kOGNZEiWaxq0aislDAZKVjQUhAOCxUBkqcR0BCEREzGuR1jGkhjJkokMZKVkiUrhklFBsuakjVxIea9AIcKnKIhIUQAINEIQiJG55HXMlaMlDJEhwyQxrKJQ1ascrGMcSGSghqKwAEQCBAQBRBRCI1Gos8jrHUokjJDJQxjJKx5rRqyTTmZA00crJEs0GOCkAAAIlEAEAAIRGxWcjrGMlEkZIY5WOpSuRqDJEppssbQOGSiUA1YAIEFcAqBwhCsBCFcxhVyuskMkSHEoY1YxjgpjiQxtOGAxksmMYAoildOAFEAUSIgsQhCRVy+kkOJDJDGkoasYASAc1IcSCDR5MZKGrQWKFEsggUQGIVIBCRCEI5vXMoZICQxkoYxjGOG1KGMcKgcSGrhhQIBw1SA1SCiIQCpChUIpeb1xJWjHDpxIkSyYWtJStXDWUAUxwEpRGoAWAAOVBYBBaSIBUoVAhAc/cdOZdOGMkOJNCMlK1lDhjVgOGBIAGACAAAAAAEBFCiVICEYNyVNCVo1lDpwxjWUSlYxjCJKwJBKxjgFQJAFAQURUhIhUxQgEIx7kghjJSslAjWQyUorAYxjlaA1Y4cMQUAMQAAgFZGkgqAUhRCPnPg930DrzXr8qsIkOWSg0lKxqwGOAkMBiGOGAKDCAAABUCFYgAQkQgPyV8r6nc1y+z+7y+v684olkSAcSWRRLpBBWOJUDHKgGgEAUDgAFAABIKrBUiEipCPyX8z6PQ1z7E39/9/h2anjuPXqaz6DpgTPNBss+CeD2/aPX5epvIOGYZYr1LlQCUFDAAAKAgAAABCCkJEKkn5M+f9DZrno5dv0x9Dw67Pzd8338jePb9ec9Y5y9esZxOPb7r6PPv3jwGOnq7n1Os/mbzennJ9v7c/E8unsenP6B05qVCAEVABDUAQWACBEIQqQH5K8Xt3b5z4dvvPq83sd4/M/i9nn+nPUtdnO1n0Zz2r5e9Zw5LNSbXrpPlkbpftG8+Bzuxn6J05/RLNNihKgAQACFAgASCpBUJFSPyF5/R0bmeOnCufo0vz5LdTeZ9TnnrDz2elc11rnkM9vpm3Onm+Xs6Mekx031x9Yz9OP36XqTXhD60kRCFQEKgEQCAQUoKSIR+SfL16fCUzq++OvrXJ6Z4eMy3M25YdnNwZTyXW+5zquXyLNO5i3nrS6N5z+bttx0z+ry+k5duHnWfry+rM/QJfRSxIgIQgAVAIgEoyCEfk3x7vxOj8yx0w+mbeWeF7b3uDnyZvRvbNV26ubJqdTjatatTF2x2Odq3MuYNUdnP65o6Z28dW213O/tPfac9dlnp81VONyWkwJDJEy+WNkystPz9+d1zvTfOe6ek82+f6MXcm7kokvwsb05lcvD9kx+hZmdDzi1anN9TFubbp4PUNFczzZrtJ5ttazq17vOvVXPpI76Io0rRLnSszJisxalSZbKbPgfx/Tdve7lat5x+nMd3q41PLob1slwSVSronrKljYRZlOzZbqzcUbtNq5RJ2s6zywrfZ09Z9Sk7muzPqTTYmmtyTpJnsyWU2Upg1mtM2p8w+R9brTXbzepdbItqAxFwyQUiZlTLpgs2Rr1KtZ1po1NdmmxGHWVZmSBMlFFdCW6XPZis4e88pcTNFlhlQS7Wetcy1jTqafjfdyazcmiWdkevLNz318bo1KiZVZmsz9MZN46es9XefR3OXU1pRc8Kyq5o1mjeRIVfG3OpyzsJbpbs24hVKTlmsDJcyLlzHGOPLzIUvuvnfVyJejIECEZ7Kjn6lfXnp6893fl6hmyXHrPHuc1zzItubdRZsrJm7N3NNCyFldlq3ZsaItlkKAqsqsjZCqUuIy1XMCvU63xPvVlKZrKCgosr6c+L6uG7efoVnejzVzz944us1FrLWOUyZfm7CRVvLIWXyqy/NKsltGryzazCq2ZWwQARCyJGkgc34f3ctVRIZq9HHR6/P0d46Z6HGvUR4/WfmXXlq1lwEkIjEpdBKoo9S0kjLVCctoDgEUWWSohrLWIiKQoBHSj538X7sJbT0fo8/Q+j4jedfLemX0eb6vN+ddMeV3z1JfVKImEkZdMRsQyzSyHY1kyKycJSyUQsAHCoIiBC1olKE818H70tTZ7vG/o+LRnVnLd01qj6Ty15Pc87rO2OTvFLN5RLBBHF6wsQ6kXgMkkljZZDI1IJlaRCFSQBSwEIRE4fw/vau3KH2fmSs6/Dp0M6qPTY11pfDbxkSC8/WIWTZhDEkpb4VAEqmWEElVgBARGSAlYiNkEKUOJUEbIIjnfF+7o6Yz/AE/Cd+T49O1m9/N2ZvgumO+umGVJwNZxXEhStIRblqqugZOpggskksUlEakqgLC9YpAZFIWRSFkSNkT5d4/o9Pvy9T2xfqaeWuhLae/5a+a9MKvQ5vCrts8+zio95IURKY04ujcgMaOlDLSJIQixbIYpdKpCymxlaV0CBFX5a4+npiPc9Jx8XMv1fU93nWSOPvPUOvF5UnGJ6zyrmCWla8/M04vR6ZpAkMQiQxDEliyiVESJLdFpnsaVVWlRI//EAC8QAAEFAAEDAwMEAgMAAwAAAAIAAQMEEQUGEBITFCEgIjEVMEBBFjIjJFAXM2D/2gAIAQEAAQUC/wDAz+Nn8LFn8rFiz68/8HFixZ/+Wz9vFiz9jP8Axc7Z+3iztixYs+vPpz+Vn04sWf8ApZ2xYsWfycWLFiz9jFiz6c7YsWLFixYsWLFixZ+/ixYsWLFixYsWLFixZ3xYsWdsWLFixYsWLFixYsWLPqztnfFixYsWLFixYsWLFixYsWdsWftYsWd874sWLFn04sXE9U1btCN6pwYsWLFixYsWLFixYsWLFixYs/azvixYsWLFixYsWLO8Hl6/qET9JG83B+KzszLFixYsRyDG+LFixYsWdsWLFixYsWLO+fTixYsWLPoxYqjfazYdbkbdSrRle1R8VZ6irQ2K/L1Jl4rxVgNr1IvCt4q9MRcxxk53KOLFixXrkXHVqF+HkoPFYsWfxsWLFUb7cxb/ANbjgzjnbO0luZo4+ruRGPiusbFSK71bJyklDqaagD9a3hs+4azb6dOOfh+Q5CtxgH1vEM3G9Q0eUljw2kuSzyVZH/Ub/LFxFWvztuvb47qY7tzFixYsWdsWLFn7WfTS+V4fBu/p8f1TQOtZdoYfL7ZP/o1meJcd/wAlh2RwC8HqxxKjzE9Mb/KWeQXosyamCj6gtcfxZQk70YiGbqv7V4u7RyFXOl1nVjr1ZwuV8WLFiz+FiofKzBcCKNmJpOV5C71DDMNmojLY2dkL/bx7fe7N6Mlchd6/ioRYY7hRk/rCoLwSPddnbWVBxaR7Ek6zQskm/wBOjtPiub5cOGr8T1i9i3iz+INUop5aM2e1si1qvIERQRyQexqSHaiigndjjRHJEq4eBtIcoemwiVcHCsfhJ7TiLg3ek44Y5KM8Mk1gzQQHMqtGZpSdxQTnCMsolSCRiFyf2co/bUmKOX/5APeM5+ny8nbfn+BNVOMmv+MUV2PxK3E7yE4StTcmbjvGdhriBC4M9uxEz27BBDaKuP6kGVLokfr1zYXiJ3iilGqMYp6EMqKvVhRQVylL24lIFYh9qIpzORDGBtHCDMcLANOyVQqHVssUc/UUtqxV5WxDYi6oNk/U55H1KTyD1LA5f5DBv+QV0PUNUm/X6yHnqxN+u1XQ81VJ/wBVrJuXqu7cpWdSctVjQ8lXJhcSa7Rfx9eeCT0bBCMDC4z1wUU9WyRyjCYSQGHpwRISZlNFG4zSRAihZ44SjQx1PJ6cZJ+MnZFxdkEUEgFG3iBnKJOMiJiTiSCKSNFD8BD5v6Dr2wSL2dd2oR36MtPk+fZornO+s1w3UULFEVaF09aunpVnT04HZ6UCKpCipwsipwp6UDr2kSKrCvbQJ3BkNgVrxzH6dkvaQG4cdDIYdNxWUXBTSCHTFg2n6SGOIuFmjRU7OfpUhu3D2mUvD8gY/o/IAH6Tf1uK5FlLxXKyoOM5Uw/T+UJ3p8zWf2/KTvLUuOn469kPAWiJ+j64gPTJAn6dnFfozO1WpDVavz/tY36s8XfrSJhfrmoDt11xjoOrePcB6koyO3JxSJrguvcCns/B2WTzNr2U9hPM++rir0fbtX4fjZl+kcaLjRqihAATF8BO0iIWJeIP9Gry7FYAJJLIs48kwqTknCP3UhKErQn657FFeMGo3yQ8ZbdfplpHF6LyRgCIYZREI3EmFekCPjK7kFCHPYh4ScVATTdL0pUfRlY2sdC+SfpHkRAeI56B2k6gglbn+VhQdauyDq8CD/IITNuWrSi9kE4RO8V3xaxZOuMdsSb3gC8dschuyTWPNAwiU1sQb3bL3UiC6Uie6zJ5mmePirllRdNXdq8JFVimIapNcrxMXNV4iPnbHlHzVmNz5SzI7TknkdahFzTRfPoxM/8A1mXqDkU7HG1jwTXHXuJHUdmRl5myaYF7hl6qewROBu7T1QlIuGpkpumapk3TEIKXgPIvwpIWtRx1hjg9MGTkAr140VhesaKV3Ukhi5WHZQQXpXg6blOSLpqJw9KjxR2uoC8y5e0ae9ZReROLfQ3yo4Hdm9tGTyx+odqQl5+bP+Hf4c31mWjgf6CYinm+RuOy9X49bE/ynLR8nZM5MvP4eTyXkt1eTCimXrsjnLSP5KVt8jkbyCJTRXbap9OmuP6eAWmrVqgS87FEc3L3J0ROT4m7t2iieV2aEAKfxWuS8ft+NYfgXT/K8XNnbU3+vkxE8i815OidB8u5aLP38k3x2xYvd+SK4LN78N95qB3lfxGFARMNaJvTGTwXFViNPJq58xCuHym+ph1MzMnf47N2HEJYWuy8n8fgIym+/wBT5CXHJ9b8L/ZsW/KJnF/jPx3zs+J7LmvBzQ1/N4KjQxuXwcfxGR7IWLhafuFNZEB5LlSsL+wxen9v0t8M/du3576txf6v+U76T7v47Yn7fhb8dtW9/heI5EAyEWRMyFvAmQ+Os3m0LDWr8jFblIGjqoZKuSeiLgfx5MzvncW1P+PoZnWpl/bM7rUxYv6X9u6df1/fbVq3tnfUzeSjDxWIWczEGgTe3ERrlLJVohC81mMhuVLDSST+FegRWaM1f05GfF5N49xPH+psdb2c3Jf1/Wpk7umLydn1ZvbFixYsdl4uvEm+j8KN/mQRjcJ/TVh8QE8i4iYIp+VgN2C/MRQ/8zRhCz8dHFHVx5xnfe+9nUUny/078L8L+n+3sy/CF2Tpljpo3Xi7J9Ti7J/zjr7lj7jrHWuq3VUEYf5PVdRR+u0cA5ZcI3eaMh+YyI9i5mq0ctSfyGQiGv4WniB5fGcHEykOOVn18Xj2JlBMxIm+t3d+zO2O/l2/v7SX2rMQz4IyrR7Ezt383davLszrwaBFPFHLxPLzWi6isWzsVOUIZq/MNOuG5Ypz93U5iE4vZSyXGapxwtLEcfgT2Inl9IBsy8fpSRFE+9iFvGQfTevZ8kTZ9GO68XW4vJeS1ebrVuICcV8+TGvUJeovuIQrmykB439AycoyFeLi7uy8WJf/xAAnEQACAQMDBAMBAAMAAAAAAAAAARECEBITICEDMDFRQEFhUDJxkP/aAAgBAwEBPwH/AIgPoU+UPoP6Ij+dV4Ps6n+Xaj+JXZ0pjUOy6baHQ1dDtSuCpQ42pSNNfNqt9FXm78GCHQKgxkwQitckGA6WiLqmR0qB0xaCLQQQQQQRvjsVeRHkdBFnZbYm8sam9N35IIItF4II77FdU2e2GYkwM+7NWQxWYiO5BBBBFotG2VZ/7IXsjYrc24MbNtkiqXkbrnjwU1QV1ZJDKUoKnNp+K7QQPk8GSMzIl28EoRwcESQYkIghLyQiLJSQOkSjsyTaexJyc2ghGNJijFXkZ9bYsrM53weO9LJJEKtDi8GnJps06jSNMx/B0/hi/Ri/Rg/Ri/Ri/RhV6MavRjV6MavRjV6Ifoh+jB+jTNM0zTZhUYMwZiyGQRskkkkkkkkXTn6NJLyYUkLuTeTNGaNRGqahqmqPrGua5rmuaxqGqarNT8M/wkVUMk4IRijBGmx9Oo06jCr0ZNcE+7zBm/QnO6TNGojMyZLvkjIyZkybwQcHBIqiSSSWckkkkk2lmTNQ1d83lIfUX0PqMbkg8EmRJO6DgkknsySTuknsutIdTY3d1GTJ7HBNotG+fgxarqQZt3Vn8afhdTqYj6jqIurN/wAdnUrPIl8uPhVPgq5dlxeNrXyIII3RtaK6UvArre/4eqx11VDT3Pd9fHkk47UW5P2z4ENb4+ZG3//EACsRAAICAAUEAAYDAQEAAAAAAAABAhEDEBITMSAhQVEUIjBAUGEEMkJSgP/aAAgBAgEBPwH/AN1X+Hv8f8RIX8leUXf4S+m+lHgw/wCv0r+pZeVl/aI8ClJcEXayeKk6FiRZZZecpOyEnJW87LLoUrLLyv7WyyyxHg8kX2zXJuSFNrk1mujWyRhv5SzcFNMseTlRqdinZZZZZZZZZZZZZfTZeV5Xmh8HApllCyeTy8l5tIus281dFl5WX9lZeTyRr1ZIoZ5HwWWc5eC76F2WayvrvKyy8rLyvK8rznNRVs+Jw3/o+Jw/+hY0JcSF2Lfo1SFLuXk2Kf6NynWl56jUKhJs0PgrCUe/I6kuxFNSZEbdiyr7WGIp9uDE/iRf9OzJ4EroWBNGhuOo3H7PiI1R8R6Ru6n3Qowl2o0YcScIz7mxfDJ4XZUaJlPizXiQ8kniTrSyHxCfdj+J8M1Y+nuKWK0Rli+TclfBqRuS/wCSWJJcRI4zfKNaZ28CrKiiiiiimUUUVlRRRQ3KJhfyFxMcITVojcHwT1SNi+SeFtrgjg61qiPBlF9j55d3Ecf2KU4uiMZS7tEZdycZf4G8ZeDelH+8GR/k4T8ixYPhmpMZpQkillWdHYv7KEJt1JEsCS8G3Jrg28RcChLyx9vJuLgUoR7o3IG4mfIyocil+zUvZrXs1r2a17PlfLE4LguPs+T2fIWvZa9lr2a/2bhuG57NxG4jWjUiy+qiiupyn7NUn5O/vor6NCyUbNDNtm0zaZtfs2v2bS9iwbNg2DZNlGyhYZto20bZp/ZRRRR3LZqZqNcTXE1R95UL95JWba9jVeeqjbYsJm2jQilnTNJpRpR2zs1Hc7lFFGkopZUUUV0UmaTby4L60pMWE/IsJCSQ2clFFddncor6VFFdVFFfQjhN8iglwLsaizSaV9HuV9OvskmyGC2KCWbeS/EYeFrZHCjEbzeSX4dKzCwrKrgb6ORfiILuRVKspO82/wAJZZfQmYU2+Rq82LqX4PaiyMIxFKI+jyLqrvf4G8ry0p8IfYsXckhfUaLr7v8A/8QAShAAAQMCAgUGCgcFBgcBAAAAAQACEQMhEjEEIkFRYRATMnGBkRQgIzNCUmKSobEFMHKCwdHhFTRAY9IkQ1BTorIlNYOQk8Li8P/aAAgBAQAGPwL/ALIFVml126Dp7bNJaTTd3Sgaf0jotd2HIPAcez/Dy5kxMSEA694u1UnH1nWnK/1V3ADj/gmXpDYu07CEBR0qowR0Q+R8VQrHN7AbcnNiasekyITRzzWvd6JN+WoDlhKpN3NHJVqHWcHWJVOs+MTpy6/FNesSKYtYShVoElpJGsIP8a37e5ZRnsIWezetG2+Tb8uRx24VjbDDYy0wUG4KRhsTN06npNPwkNsHl+tPEoCOZa20MdnKe1w55oFsRyKLw6maRNmYE+qAQDsVA03h8TMdaa7SKmAOsLEytShztLfMFNo0qnly3EaZ2cEC0hw3hP52q5+vbEZVSD2haG1rOcdUpAyXRGSfWLzUBnybn2CpUHUGtxmJD/4plp1js6l90+iQuzeqLalXDUwgXdik/NPc4hoA2p42hq7lGzYqmzWWUpzdkGypu55oxGIOxAiq142wqtOjUNOnhmGyE3nqhqFvRkpkW29qkNBO/wD/ABXg1CGHE484brouTZa4da0AD/JX6IVA5zC30lSp1W1i9oALs54planOB4kT/EM6zsRtGpuIRQtYFMYSKNOn/dxmd6NOo0ic+rlf1nJZonbCsQdqtlulSTDIi68k6W8UwSiBsVLjiMIavxTZQa6XBo1WxlaShAGSp4T6SCiZwuQqFnOnEBhDo3/kuartc8PdDMAGrf8Ahi2jUbUNzlHYukw7C2I/FQBIHUEC0BzpVP8AtjmVwNYPqtAgbuKJfp+AGBPSlOp0dI51gNnEQj5RjidoRhzXSgZbcb0abTTBj0yAFPOZiwGxdNp+/cq7GuOyTZMFR3geL0muYRxkbEalDSvCGZ6sE93d+SOJpDZw4gETUk9aEMvuVOKLhxhGnVrHGPRi/wAkQXGJVAyJDnEoQhzekOo1DfDET2hGoX4nuddB7XQ4GQYTJ0Nvt6/yRZo7nF4EkObHLG3+Ba7No/vGntunVHnFTxYQ3apuRxRjF3INLXjFcSEcb6XesT67XN3taVEVKv2nQEML3tvMArGKjn+yrtz2SiObcQTOcrWbh62p+NwcybSF6Hcj5KlG+AnCOb+wU4VWhzsWETee5QGNone5wb/uKgmnxI0lv9SBFRr27Rjk/NFjsTW5jWK8++YttQc3SRi6kQ5xf2q1fvavOALzgKdDnA72FGm+q2ws6oDKp4nkPbYFtlV0gXe6QZFs15SiDb0UYptDkS+mBT3DNGWOA3roVFcVO5elO6F6XcvSHYs3e6oxkfdXnPgUfK5cCvOjuQmrM7gp50K9lNGQc4bkg04py1lLcdKcnNssdWvTx7zUxfKVd7jH+W381DTUY/2jmsFRri72Sg4udHrRkh5QGeKjCsRgDuUCqfms27woqtv6wKjni08TK1NIpOPcjqB8+3KP9nd2LWpPncjqnFlhi6tKmCepZau9CNbqKwkW4oapEqA4BWqWi5Uh7oGZhGHPe70YtdMdodKridkSznG36wtX6LbUPrO0aCO6FT8I+h6RpHpc22/zQaPoOt99rAFr6KykfVIafkr0aZ+6F5il7gX7vR9wLzFL3AvMUfcC8xS9wLzFL3AvMUfcC/d6fcraPT7l+7s7l+7sRdTfqjPggHWxXDt6NI+cHooYw0u9r81kATsxXQiq6mN+HEnGnWrvI/kx/wCywGnXqEdAlgn5rWpOE5zUTcIdpDtoBDI7/wAgraBpR6tJZ+Sj9l6Zh2jnm3/0rV+g3tbxqCVq/RVtznBQPopnvD80B+yKR+/f/cv+SUT/ANQ/1rU+h6dP7NU/1qf2fh4Nq/8A0oqaHmZ6Q/NQ7RAREazh+a1NDaJNowlN53Qm2zzg/FQ36KpFvtVP1R/4TovZH5o87oVBgO0OxR8U3DpNTHtBY2PkiMbMOd6LCfkgGVtUHLofJeUpYxtHhJ/pWt9GivfJ2k4vmEQ36Ldozf5TmJo8B0wj1oafxV9D00HKOZK16eksG99H9V59w62KfCfgVq6XT95DDVp++FZwPUoJGdrqLRPS5INyonPJZnuW4LOFhf4ZTEXbYNQOB9tmP8k1vg4k5ZlW0emPuBarA3qWZXpZ+k0hBRbfHjhjqrA4iQJuVbSGs4RKxHSOda6wHNouZSdVPqwQtShUceAVTnabyJtLclAou90q+j34LzOHrXojsXTY3rUVdKa0/Zlfvrexsr97d/4/1R/tTyONMLzz/dXnndwUmvUB4W/FQ3SHyN4CkV3n7q1nOdO+kFcMM/yo+ShlRzZ9UhDmdOLHA+r+qHNaVTHq3wrE2sX/AGawj4oufo9QtG5ocfgiK2hFnXRcsL6IYRsDjJXm6g4NQbzhBO8IxWvExuQJfhkZOWJ1NhO/AqTcDab3u1mG1t4TeZaKhL9YFxyRktBDiM+5X7w0n5J2NwF7RTqZe6ntGjvbSblUNsXZyYi4lxESUA12IzsVlkAOKdB6JjJHFUNjG/5Iw2q6+WW78kHU9Eaw7H1F5XSqY4AD8Anc5XNTjGXegQ9tYdbGFS+o2TmC4O+S1WtPENP4lHBWcG7MLGhYucL3e2Z+CvVI6rLpFZ8mqMSAuw8XZKDVy9ULKq/uCOFh63PUYAnRh7WrzkyNgNl53Za6wzlkMKw4nN6upXxFpTth+yhf8UMDz1yrvMLyrMQzE3QxaMwO4MhAs56nh2A5p2DSqtPhYq+mB59Y6ML/AOpSpYQx2yphkhc3svccUNWYWYCzC1QZV3wunKzYwe0gBNU7qQVtFFMb6hlYq2kEni7F8F6b525SsGq142lpciKZx+1hXnI6gvP1PeUkyfGlxwhE4XPiIkrEGwJ6IhEYuxXI6lESULzsumtAxO60TMyMoRFmngicPCZsg4tmNoUARCuTneFZ2UZLM4kbBC1+rknnCNqiZ25o+JmFnK1GyruElXwnrChtuxQ44qnqMzWq00WcFiqPDfaWKC7bjdZF1aqeoIjRaLft1LrWrnqbZXM+PGXWhiBc5Q2GiPQsN6holTbvW9WO1bt6cZvxOamUMp3FEmIOQK1Se9G8QbNUr4oKIueSOSAt4R2cu1bR1Fec7yuke2FGJvetW6l1zuCJlrvsjJZBvsoBsZ5Lnq4tmxRNlAOEnOLrP666lRsUScOwSo7V0Qh8iJTs7iM1lG3k3hTKvyYSYWfjZq2spwiV0ZPBDGJdulR8kNia1vRAyUZHcnVqrfJg6s7VAE7gE6kwOZDvWWtPJP1m/wAW1+TOTxVz4mc8uxcPHyHcoWCnY7Y5ATG+ETdyGrCwme+yZSDmjCN1lDObw+w6/wAV5RlRpKiQ72k7DOdlmsgfFz8UjLr5br48llwUK4j6vJbF+qyUwVi3XU70GjaqRc7HrYS2JnqUc1IF7oCnEnY3YmurvDnTZuxOGLtwo1KVbFT2AOhVKQbh0rAQ3EMjsVN1bA6qWSYEXUAO7lCyv9XnHJkrrPsWxZ96jPsRKEnkzWaz8TJRyZ8uxZKA4HhuR4qmZzcIG9WY4uPwT6L3Q5+XWi5lnDgrPDdkKKhc3CNhKYXtaW+s44lRGRwC4bOxPcDiA2TrDqELKOy6z+rjxN6y5bo7+PId/FZSVxWV1cFZeLu5ADo7p+3iQxVXCdgaV5Jwqj+WcXyTsZ1vVKompgYAd52NJKHNwcvSRMFswZ3IEuOuBdc8yIOxCGX34k460YejhxLQBoopuEjniXYSBH6p7cbt3nBPcogWtLAU6lJDCJIJ/DxsLvHz5MkbKTyZK4QtbcrZzvUC+3NERIU825s8Vl8FJ+d1PJe64cmaumu52zxqloQdSxtgDpnb2IU+dfSO8uLx3GVTGkOY4MaQ0ssCOpU8R1Wta0WmIR8HrueM9o+a8GqDED0TtQGjucC81C1lQSNQ61/iubrAsOY1pCrOYDIYbDI2WAt54NAuDBRw6rRYhzsS5okc47VnD0e1VJ8rhAbOW0pmAdL2lD2wfElQfqsvE2qW3i6296vJjir5dattvmjsw+0r5nerWM4bJ02gwetRfjKzhdNrOuV//8QAKRAAAgIBAwQBBQEBAQEAAAAAAREAITFBUWEQcYGRoSCxwdHw4fEwQP/aAAgBAQABPyECKKKKKAQCARRRQCAQCKKARdFF9AEUAi6ERdCiiiiiiiiiiihEUUUUUUUUEARRRRdAIB1A+hRRdA6FFFCIoouiii6KKKKKKKEdFAIoOoAiiiigEtAOo6KKKKAdVFFFFF0PVRRRRRRRRRdB6hQCARQCKKKKKKARRdBAIooouigEUUUUUUXRRRRRRRRRfSeiiigEUUUUAiiiiiiigEUUUUXUfSohFF0UUUXQooooRFCIR0X0ACKKKARRQQuiigHRQCKKKKKKKKL6AIooooouqi6KHouhdAEUUUUUUUUXUXQOoUUUUUAghRRRdAEXRRdFFCOhHRRRRQCKKKARRQCAdCiii6BAhRRRRRRRRRRRQiKLooouii6KLooooooBFFFFFFAIBFFFAIoooouhfSCiiiiiiiiiiiiiiiiiiiiiiig+kCiiiiii6B0FFFF0LoH/AKAgKKKKKKKKKKKERRf+oAA6hRfSC/8AgAACiiii6F0KL63R0x1A+sAuooooooooovoCi6FF1D1Ciii6jv5N0a0IEc8b0CaQJNBbr8RSARYOo6wgfQA/9AAFFFFFFFFF0KL/ANQJlFDbgucnHiKIAYNscxTgpAMj1x2h6KsCM+gDoZBYAkkm/wDP/Dwv/IAKLoUUUX0gegoouo88npDoYZqQY4Ag2aABrQCKFeWBFjiGC4ItUWnVwYMoQFs6g6Y80MXaIjuO0F4TC3spY9QYIXFQoh+Powk/5RbMklAACXZSC4Zo3qPf08oooooooooooooooooooovoD6vk0gMiXocyrdPqMSwUzN6NUPtM7aIgCDBgDGSCsIDX9mEXlkejLWY8GSgkR2MaYjowTjNR+hUbw1T6AF7cCXYbFQEOX8n7RlKtrMGAkkbRcr5jG0IQYQ4AhaCWhbbKpbKDFiwDTLYJ7bGAchwRgwj5Y2ljeKiDaFyJimosg4XmMC9Bt36mdrTVROFx9eC+kFFFFFFFFF0KKKKDTqWvSDSUBZ2U7WMmUGv4uBZZLzcNJBZK4qVgkkdtYaJZgEiw3a+4RI3CNx1EnPO0NmIHEoa/iESS14jzxCyyOQ1ULTGjpBBY/e1Q6whIOIecniEdAMkFBp1MAMKDkZuYQNQAe7nJFsglwjqxkDH2bT4/UNlZ5GNogUKIlHFjs1sXNA4CjlfVBRRRRRRRRRRRRRRRRdF5LBte0dpgM9tCUiQud+YGbOkE4uYEajowbPbEIZaHl920Ep6iYlHmawroA5Ydu0tg3M1he4IBiNSP2hBJ+B/Ea9nCJ73W8BbAbm4ioAgO0YR3UOYH2dy7LMLbM6/4iCJjMGmitiq8ibgBMakBEijqAqE7S5eyFADa1xpGpYlwGLYO6HqSsJqXh5EPSUUUUUXVdVF0UUXVpjJVe4r4iBGYOA5s6I1AxG4/OYUE9pYFp/GsKJCYWOSIE7PcFyITZhT2hW1gr+LiQMGIEYEDIisXpCAgMJGI4hdKJNFYZKc1dzL0zHUGC7FECQ4UkXGl0jCRGgXCBbJb29oB8oAVIRdc8nvaEUBsoA77bQ+CFMEQa4isdLTJ5ubrASJVq4FSFfyaLWEhMAV8wcm0sNUvsYcSrGJV0KCEUEfEaNdkIS1ATBYLM4HlAWDDzZC86NNnRgBszVPxCIYjMEyOrjjj6OPo44/oUdEg5AZJNM9okehhWsvWFCBJ2XA0xaB5sJU07J4ECfhwBnASSB+VLAHAzsj94j9/2e8WOshnvxAdQGRGIaJ4uEgIPbcE1SIjf/JZL1R1bEiOAQYUAaDyoWH+gYN1A07QVHoig2f+MEquSn5UOCmzX1r1DZYYmQ4mNVkFPmUVlDKUsNApMMwbGUYJkdrShzMF/wAMWW2QA7UItZxuoN1/XANBlEJavtBHEiZF/MOE2USSQoCjN5/MEYjhg/UBkq3Q/c214/uZAMB0X7f6hCWrQ/6gAchT3AkjCDwf9CCSnIX4mD9j9QKgxXFReAHLECMB2hNEGzbxpCFBEWDwXFBkD5NR3EhbCCLXVv5D7TbJC/sE2GBrD1A0j5Av5vACANJtd4WSutuFYNSThF9othHqGG+xjEueEcPQQ43xHgMcO3twIQ1JgB8KYQDb7YpCUsP8hiBZQIIySbocQQkikyrrmF2arDIf3eG0BsWXDKAzpj9Ql+jFxpkOFpnJEBjmCj/jBPmC6Jex8AreE/pIRrK3LclCMAYIQ9XcDHfQ/wADaXr4EgqOHn3i+rKKN8mODF+4UmlJv+uJOzX/AJwSmvAP6ZSjgCduo4ngjgkAYQtZCl/0doyKznESoiKDnxw7UgQB5I7pZgIGjQYr3EAKGToiNBfhTitQWu+8FIKM874+0Jz6dTWyTBlKBnD74O6ShAdzhAneQW2tH7TZDhQcECTtDGTtJOadEA6QcMvWv3I/E0XybfM7p0gZMjZha4ArngFPqAKLYYsFgk80h/FCBS0HuSOB6GZCESCMgO9GowhkmxLB+/uEwq98CtpHQEAUl/umL9ViF6CsIVQCOP7H5lw57tecPECjUCpPovmAWC3YM+SZ+ZSEFKYaBhfY1OwYdQ7R6kgDW96/CPOGA/pQtRMqVz/iVwQOsvKEpyQaX+FQ7B4yGtdopE4sGA2OcQAdGbpRfwY+8UAI7+VAyKWzP4gxkcUh/fyiCAIjV1l7ZsvwgpIjYcVx4EDKlIoJXQZqNplcoHdpwco3Lp7CYoNqh9D5jJYkNg7iGWOC0NZmwSI9jH2+IABrARPEXtA1CzL3AhCnMcBMryIEeEWhsElAAwrrEECtox2KgTHCkj7iG4rYUohhPnWA7GeBv4jwE8wHwTMx+Z8wFYP7/eHU9ZCnY2Af5S4J+P3oeAj7AH7gkHWuNA9Q60CgMQCB6kAUuqiqW8AIZYQg0O9xiMrAmZFDX+2e8HlkCJDxe8H1xVurye0dtNRAg+VV8StDCAGQvFc/2IWg+biLBB8w9KM+NAyP7iOBtwQfPnSEyqC2AqofGuN8+OIUK+8C/hFJHcCmdPEODizER40gBuYAmEdSUjAAvcte4cRiwSzIzxUarRHdu3CPmFAZSwv4GFGNNrGhvKU3ADs4INQFqCO4hcCQjENcY+I8EgNau34cBkj8Qmxzy40ZEyNsrIO4I0DVt4iVIGgBimS/TeFEhVgLg0IIJZWsX8bwbPyyP7H2hlQKCUdyFttBXZ5j5/eV39ygZ/Zh0Z36Qgfh8RibafqjJN51cL1+4Lax+wBqATDgwB6hHduJlmAYByCNgSlppCRE5G/4P7xEiwv+ALeJm0oDX78D3NCE7Cwf78RC0iDAIH18Q0SyewWVd9v7QcwrcIT3IFhUL7/4S3QDkDPP6C+IRm4cTozWvBjLRtAij3nbKUI/5Fw0MrulnxiU0Bj9+fcNMNEERWLMvYDLAzLt9/G0O63SgDrXMQLAtv3KCgJBAWTOOQVA6PtLBL2IQbEm3WYccRklmLQyNxDvB4cHrIJz6M5T0g2yWih+4UZ/9yYOFk/qI+0CGE0QB8BCokjsQIAoQJjZE+2B4hwWO/7QY5FJ2B+IVodjjMomphhnoAYo5UH2icCgnNw0aahHOkUBkZFP1/dowjIux/vcaxEEgB+JQrjUaQhIlhqE7SsgAskhW39p2h1okQDin+pZLYWf9vCzJdsx+Nv7SA2ErNcYg4tfMJ1shIr4j7AAAyxcvs6aEjIW0BQsyWivMOHRs6i/+wsJArTaEACIR0lcYGTRSOVJwtFNImsUZoDAANA3JhbvQz2BlAj0AAOa0BAlEl6wtJWg/wDELraFF3OZjo1IswQqaERbiCZlRJXZmGz7Tn8DEwpCWB8Ryc3MAdR6HEchRLoKDh2ykg47ZgQ40uMt8/MBZzjoM/8AI9RBXhrjWCiw2sOiHTkbSwZ0EpVbwNhjEhZw80zXEOTB2Sr3/awhgyQBi2D2gIhcYCfJSgVZkAwM59aQoeZVgQiCwGw7CEIYId4TcBVwllnmGOWeVCgm3xMm9m0DrCRA0DgjEdAKHSM6Zy9ZSc4IUbLsxL9sWaAIi45eC9zK8JhkdUahADNriuAmmDkMXkQtDsGKEOVwgWhXMDAUMAHfeCMAplF1GopMthivcIkwwhVDAOqcMcek3CkLHiF0K8dDWK5lO8QLWFaRQRQ1IzEjwHEw6peED2jIFkkMv7v/ADhGNRRRNQDWEMoWhTiziSKBIUPFmze/uAgHS0cBPiO1QoEoEG3ctkLsgzARIu40juhwU1IIjbMHf5iqBNYtajDbTCsKZhFJE0W4cA7XTC6BqGhOCGsESSGDWsCIUmB2jZAA6oADGiRQfnqSIWPgAEBekWQmIo8YrTMssTchwWGpnyFZhBEX0JDKoaWIJkIHUs9SJ9wQYP3jJOoDwMBQSFbCjO0MYScJZ+UlhhK3cytdpkixPaGzkAq9paIYL3gpzCGx2qIl4hjeY6S1m5UX8o/4pmT6rcDEpy3BC31nEYGThIpASyRUxlWHkw+BE0wDe4TA8YjrDNg3qEvS9tYI5MSXqFU0tkyV2g1sQg/tw1sNoVp3j38RYFLz0cLZVKUC8qFeOoMKNBDSkNBLAw2TLsIAoOvSGijIYh0wUYqkF4Fe58tLuEpGBoQoLYA8zZSmbAd3CeHdiMbCWNM4ht+4xOnoTl9oUcAGEBoEYEE8CKf7hlobHMKZVAaCojIXk5nWJXHiljaNQwPuV1pbMRkDBmp/XAuHTLAph7nWZAVWJnB5gC2bCBTswwaYYbRwOCoa8BGET6h0oQmgFHCJkl2MYYI7CIx0JmluFaWN+lIfMDRjuAuY5DkXOyAo2QEENieYTQoS1m5dqL2ZcIsDsxzCLAcANUJJMg2ZTTvtB4G9BCGFOBCDuuEtItq4SGx8R8AsbRRfZNsGMkxzzpCx+0J3XmEB4HuWSB9oc4CDSbiijVoQEYqSDcIA2+Y9f77xSalQFkON/MQy4Da7HBwgA2e7X+yYQMBQtOIbwTRgVaYh+YbPJnvQxBKfigE0BfmAQB7fAeRhCKAgWQfkOsAeIRGbgaMnSeXiIEEzNw5cEDgK1UClS9YCN7h3/iAjZBZV2TWGqiDHob4MYzPYxwiQakviATjGYpDicaIqbcDUUYXA3UECsUwK2alQBtrpCDcEzZdxoZJG04sw2X7RG3uXMws5nwb+YrwVy7/9gXcex+RlkCCVT3cIWWEkuRBngmFEnggcFofNSqGHZbDf34g1ApOcmB5ByC2Tvt6qocBqEkgZ7VGdcZ8pVqPcLV7EqQgAG7XwN5hGZDwrIOFj6Nt1nvxE6TJAGDVqcyhEANUe0JC4RNZy6FsVCC8uP3AkauB8S5YwfmBjV7iAv0ICAQ4SA1X/ABjFhOLhBBIQKgRunjJgdeIARIl9z5iJTc/6jISDwR4QL3cIRk1E58YhOEwO2FXEWpWryhKdiJeCMcw8g7SmhTaFLDPDiJJSd5qEgMqEAFqSu6OoRgBgWLDqOC7fMUOtM/SXiPdP6a12fEOlWSBola3ceRiyQLSICB6KJYm1G2/8Zew7EAgmQogO5Chq5aaGh7eoayY/KiQRpKYUMgIGbOuaiA6JL6sSrUHM+DbiO6gNB2QXq67QzSteHbSA3EmINIgogldiIYw9zOEZ+TxKZwIIC8H1AsHkxB57QbkxzDW/UtBwEAUqjEAlIbEwEhLo7zIpoSDATKzc4QWGbZ1w3g94TyfMtZJ8aO1d4ECVC7y+NxL2HBrL7GIQVBM/7EAhG1FrprDd4OKqmnkQsAJBgkGOaUUIGznYAvxP/9oADAMBAAIAAwAAABDJLZZK2ktpuRJKSF+sybKAAQ/fJZZPEgNrb5rTGZ2v7ZJASANNRb6QS9tZJKCDf5W59bYaJaHfrbiSC/7rvOSP/wD/AM2vmvskke7xgP6W9nu0lKsm312h1/EseabTm3yX239pBEkt1g23e/1tmJf802y/35MtFoullzbab+Wmti++3RbTXtg5MjbT21aTC6yfA6vf7S2q5+/S6vvybTrXX3fTaVPe8ar1L33e/bTS9v8A9V9cvtvA75D+y/8AL6FO1Xqbk+Y31L+fB5Aq+NeGQDWt3ftpNtrIok5f0V54jXppfZJtZ61//wD4IYE39dPvIJ/bnrzatif7W3pkuoFOTGg9sbNUUHWC2j222Su229wGwXcZzex5/G3w9UunbeqtYYf/ADBD+pjFlH/K53/NpJbbk2CigMSmOdKq2yyDKnXxNt2KQ1/8YHZHIzkFkCk6vUwKHJJJbKQwSt/+mQDE0Kr8w9W3U0nDPrvGoJL4BJZQ2WGdPBxslx3F9UijqHOklo3a9nBOlZkp/ApoFj5WVlgNR1fv+wcBB80wV6NdBJZDdf3Bgduu2k4dBzTLYxAOxsjfbV+bmRYSkPRVMfHQm0IpnbqzVNHJlCs4nsyxJ56aI+ozEcksthN1WaQT9ck9djkUmYn9HYmQ9t+KICqcLqUmkZBUGRKYocKV+8GjkkRi89rPg++9NX0Rm98n9ppGC4aQzYk+Mg9P2l996o+f1Lr2FbUgD7/Pdm1t97uj+y+Wv+pfQ4d/T32t+kn+8kmz3S0xKJBL0pr4bPV96Y2mmy0WcqzqOM3/xAAjEQADAAMAAgMBAQADAAAAAAAAAREQITEgQTBRYXFAgZHx/9oACAEDAQE/EPg/uP6LyWF5Uo/BZ9/MvG+HPDgln88V4IhBf6V8SOfF3CEesd8f6dx0nkvLvjzw/gvH+/DcLy9475cL5zw74MQvgsz+/BCYnyy4hPDmP1f40L5oRk8PeLlf414L5JnnhzwX4TzXhzzSJ4QWl4z4J4TP987iEF4yCWJiZe8vCzMe/wDBCZgl9EFleU8YTEN+K8OfDCYhCEIQhPghCEhCExCEIQhCEpCEITxmZ4QmIQhCEIQhCea8p8DRDpMwhCDaTINPejdoyExKTEIT68oQmJSEJSYhCYmIQhCDRGQhCEJjZoiLgQhCEZCYgmfCEIQhCE8IQhCEIQhJ4QmJiEmIQgnBdoqrVFMSIXh6IhBHTpkEKELmzCDWiGmyEIQg0QhCEIQhCEJiEJSEIQhDsS3wv1E2IJQ+4b//AEQ+EOHuEw5xU74hO0bVlISS4bpSxiBKWkyQ28wIQhLwhMIQaaIQaO4k2SJf+xl0LYspMEV6IJRxCTI0hrFQ0lwrXBUtKKxiE7hLexE23kQmEpMFghBqEIQhCEIQhBqzoqfsbVGLaNpxjFgmOwSdE56G0rGzbQybqJYIkrRiSqG7gie0INF3QlSEGkQhCEIQiITyBMJhCDU6JpGuQiuhF6FA0pNC/Viyuwb9i62NN+DRbTI1w67Gi6IQJzAY5tT2LtbJ9cYhB9GiE0+E+OEJ5I7T9KHAkfpF7CQ9jX0hUQe0J1cP0hNGXsRSrg09BL7IP2FtENjSD+0/LFs+wf2e1jKQm/Y04JO3DeKNoggqQkZSrFRUNwqKex1wbCvsbPpbpTPNJtNvhF1C9BkuCSCRz2V/QiiNehoyuiNdGkSbOiWiI0Kvg1cI8Kf8nC42UrKxtjbpWWG30X9DNKjhsgpYyJ8Qnb2L0ihEhO6Uil6Yv2PrxrPHLt0D4YCHBR7HrGvnCX2JKXGfoSxxPwxNihpr0R/RWskD+w4wbEHrMcSQh6EviEksJ3wpSlGzqD3xibXWNUQ6z9CPCCfo/g/gQntDRbEr4fwUtQr6Gje0J+JH4DvoaMNfo3yNystib1F9DZxj9DOhND+k/cJKHobuew9cKOBLrjulMJDcEy/Rr1jW+j5IbviG72W9jY2l0ka8JDd7GzNkb6JvQno0mmyqJPoQ0QtI/sr2xe4bEeyTQ2WhV1m70Sn0kKOn8HRqiUUJCwqNCvD7mJhrgzRiDDLYv7HQ3fBIX3FI0TqG3Dbp/Sfo21ER9EkLgotl+jnY29Dg6XRWhN/ZWU+lFKUpWdF9lS6cwaVsoJD10QuDcNylKbO4SusXZ3SOCCb10lPtiTapCaF2YWFG6IfBXg1lFw8zeDaXRSDyPsxseIezmYTwuhjSLMpx05o3BaUKN+hB7P06ei/ZDa0QnjoTJRpLpFUa4TPotYSjcPQPEJnvwdz+FOYo6sUrGylhfvy08cHipHSext7M+wmVpDTOFQ0haw0TL5iExMQ0QlQl4H4ryuKU3BqMSrEGsKOjY0y/ZrzE5mZhKPFpNUh0WsdJkoh/SEX0RsokJiCPY4rDQusaDRXzGhQlHyosQRPh54azEQ5iL2QhPCsSVEhhvQnuUU9neFx6E9ievBjcgnio1cUpfFY7jRoSQj6EFb0P8HiluNEWGnse3ovsxNtaCPYPdCPTGvfg2aHuNPMFo168VvWeZpWJiZdiZWJvCTGmURmyEP/EACcRAAMAAgICAQQCAwEAAAAAAAABERAhMUEgUWEwcYGRQKHB4fCx/9oACAECAQE/EP4iL9FDLheHH8h/SpfC4pfB+d8ri/Sf1Lmj2UYvoXFzfH4xf5iL9VeFLi5pcXyb8Zi7+h14XxvgsTyubilL5sv1H436dL9Cl86UvjfoP6PHgs0vk/C5pSlLilxS5pc0e8cF8LiiYilKVlzS+FzS4uaUsKUpSlKXxuy5uKUuF5XFxSlGy4uKNlKWFKUuKUpSlKUpSlKUpcXNL5UpSlKUpcKUpcXNKUpSlKUpSlKUpSlzSlL43ClKUpSlKUpSlKUpSlKUuKUpSlKUpSlKUpSiZSlKNfVINyEiVcFKUpSlGylKUbKUpSlKUuKUpSiZSlKUohSlLhSlx8sX1KUpSlKUo0RSlLilKUpclyUuKUpSlKUpSlKUpcG/cexiI2XHnYZHoJ6RUbiiCFLkapWISrJcLSlLilKUpSlKUpSlL4hwG+F/sg0SxDdFUQX/AAjhlG75K+ZHZySIIhquRw5CASNXs6IFBIqjGk+qABsUpS5LhcKU4DuN/wBlqwXFR6iZpF0aEWqJujNqsbQ46E6Qm+2JJo9ATpERMhZIo3rRJFMIKiMKUpSlKUpSlKUpSlYLSHcSo6lwehATqFwQU5DLQibIprsWaE5QmaJFVw9HEYnMTNjcbGFSlKUTwvgLkuFwuFKVVoe8E1yDRIZ7kiHISm6oMcQcPkTjW1+0K1N/oo2m39DVPI71P/SpbQm0K9cEV0gqkaRIbXoUna/obRh4PjQ3NRZi0aOHQnY01yUuaUrKylKUpSlKUvybO69P/HsT3Q/TNoSouVX9mkPaIRqPyUhaPYVZDg29F+xMUZU5PwJG5PyPTLT+41PTY9dExTyvuv8AJuEk/X/bE56vliM20iWyXfv/AEWHf2K1Cn2JQ9fuaLCb3/ciOn5HUich6HUexs2ONJI+AvYfphTVL4xJ2N0UNuxJsopCZlDyclS4Pnk1g/A+ozQiYlENrrkqyl+xCGa+R0n8Xn/vQ7UKKDHw6Jnt/s/1xFR/ZbW/DVGW1f20SaC/ZrVE9qCnkFpJiJqUqOaR6BJHI2RvkaLkSToUcDaZPkkH56JRC9EXs/JF7OWY26G4UIS1bQqlODJOx2GmOdmxsSiHzCsuhKcSiVyp8cibmpb4h/gQ7IXOy7C9GesTG4z0HZZD4C9B8GJe4S+xIVFXZV2VexFZEiCQkbG9tPwcaiP2N4g4xxiEIiQhwpCW1RpPhDAm9FeFh+YvInSYkfs07JXZ8p8hDh6H3M+YSLhiZdhfIaNbIKXBpw8MOUJe0L0C9gmqiI2sETfQahRplOFE8Kw3RKkZF2J3pIT1wdgSlGxJ6JcIiXAm3wWNuSwkdCSFXoqGiXI0E22lhV2N0bEEdIYRQpbwgSdjS6RURNcEhLPuxeDHvRuuixCI10cIh/0F+TZJCRPpil7GpJpCzobg36K4m7EpEswvWHyc6Ic9HyEIT0QaXoiwh4QhO8bQ2hJvjAONCIPoJnwhM+WJRF14aNDG4bMR0uSlKjnFSZTs3MJ6ILHZwJ0+cNUhrMZuUrGGhjWaeZ6EJQXYn4sZcQT8ZcaOWJCQ1i9Gl4J3F8aSOFgq+DUM36ELSHt0g80hLs7BRCKW5o2LZx4fY4zMckSwo8awliZWFhMo9FhYm1oSJEhypFHh7EdnJsTY8UpRuiKJnzi4pvouzg2U0cYuOBM58+CiRVCEg2kqdHQ6OFeBJiGqtCsE13iEZMMXgmU4xTgo3hnGKJvkpRPFRfkSEEFRUJjk9COJ+cBqMhuhpyRTFY2zg0yhjG4J+Vhb4Ups2VlKWlprFuJCCRoorc/Aj9j+k4M+izlkNHoP0xqYbhrCqhyfcaw1ROOPOyTjM8nTZvEIzeZcTFF8CCZaQvkXQH9ymjdKfI64kFRmJ0hwXKYmjWaCZtifjVm+Ljw/RETFKilRRQp//8QAJxABAQACAgEEAgIDAQEAAAAAAREAITFBURBhcYGRobHwwdHhIPH/2gAIAQEAAT8QxNMMGT2YVlfXSMMG3o1yOGT0B+mBPjPphgHAmQzZ6NmfbJ7ZDBZwzjjJ6dHPpjt6G8cKxXeNeg3iLhgrNMMEYX6ETDJgwXgT0QMC4GU9A5wJh2wwZMQwIYQ5th5+iZeOOEn/AIE3PQ+g2+lnH2egm8PP0Q+gYPQmCphkj0CGaPbAyGD6wJhphjUw9ADgGHlnww/8IGsGJiZtnLPpj6Hxxxvnxxy16Dthg9uQ9E9IYNsMlYYPSGOWBgymG2GDBgNYVv0D0DBGPqE3mzjOfHHb0bvp+2cvRMS4nohhgwbnojcMmTOnDJeGDB7M5Yb5twkw9A09AYGCGBMDWSbwN5oeh9s2cDeNZzxWGnGOHL7PQ7eg40ZDeJ7YXhgjDbjI4b4e3DP04enDCcnWHswxCYGcr6H54YMGDBgwegkxNYlyz/4m2GXCXEuNYxiY4GJnxwwccPQmTJgwYMmTf07YYMnsynthgxxy/GGTJj2PQfbM06xxs5wyd9Cbw9RxwzZiX0EmOHDmM4cPbhg9IbYT6ieienz9sK9Q3wyyY1hkyXhklwgyPOMZ9mGScCY7Yeglz6ehPUTvGPS36vs4ZMmDBvh6GPWGOGFuL3hkye3BYa4Yb6wyaYYNMMmCv/CMfDHT/wACn0OftjeOX2eqw4+oEYYMA1hkye3DBgyZPQGJ8YZPTMe3D0JjZwTn2ygy8syrlZwwXj1zJnvjlztm3pX6L6ZgwYMF4e3DJ7MMmT24elJwwe3DXDBg74acYe3DBWHpmeN9LnnJl+MM34mb9Zc49LPWOXN+n7ZeKx1xvBeHD25xw9mTcPQAwfGHrIfGGmGdM+GG3jDJGG3HpMmTJ6jh6xpnLHfD0nLl24x9C1mvpfTfXpJ4HdIHlLShRDEYljRWpYxS2IHqXWCSACbBHhzTB+PRXD0j0ptxhgr0GDBg14wz8P8Axz/xF4eltjk9arPtjlz8MX85eOFGafOMehCEuAKJQp7Ez23iYxsJs1DrgwgGGkAhDUg6riOhhK6z4YxqFuQ049BnTblTDInU/YQgq8qA+c+Oflh6Bk/8e+3/AM++kw+nTIw9vpfTfUs9Z7GMbxy+3Ges+no8PXOh5X3wbfcF8XsUfxiW3po3ZZVVDm94fpD6oLFI/TiLJvxhCEBIF6Rs3XpE6c5sCfyBpRXXD35xJgnD4XkCynU3+MBYpUqqoVXyq4yDy5JmBn1brQA1wGPqlhNDQV6HefvgsvK4quslSAFVXB/8QZGEwSnHAe8rxnscfRvL8f8AoLjh6by8u8ZfjL8Y+3HD7cfRctY64x3h0UNug0e11zb7Y2waO7p8Kff+ZjCojR607D8L94UIJxvugH5B8ZEs8sDGAU0tXeBw0FgkIppH2ZElGykBe35WK4sDfQslEIGIGTxsHvpzFKytArWnzgmAEFJJLTDitYjhdIFcSrpl56qvVYbIFUClmvk/eR3cjy08MDHyZA8ZTlQU+Nuqm9mFGyC00FIHkHdXrEYnCCi0gIql6TUzZHYMnsmnDywkMJx1rTMaKjJV01lv3nG3gFNIVSuzjFDGnQdAFTpNH1gmZqBljW/spj444fT+GRjkw/DCMNs88cuPtn29L7cTjlw+3H1srS3NJO66/wCXrJoDrsbW9r+fxuYThd3dGjVAPiYZ1KkpFKBfHlvdwLyc40YV7XUxYAugsE8ma9vOEJdAF8niYySKTrfA7fExy5CHjP7u4ARKbrhIT/vWWLp3FARuqOmp94l49JTtN5Btx3reTOOsidIlu51/MwKH0IcrGlkQK0tOCNAU2YpeGuPYxygjDweYJ/GNwhovpPt74ZJpFd5IG9jUrrxqTNr4K47849GtCCN3T2wK1hiw+HGASziF/wDPwfjE04O8SKTdamvOS7ZPTGwOSs30XNrzcIi2N9jjh14z4Z9s+Hp55vn2xwjIyPDn09Dj4+hGIxy+le2bK513vt9ZoHQnc1pVw5nk42EBw/xjUgkQVVakI8s+sQgMbOWIiGgQgu2sVgiW7gyFGJ33LgCPEin/AH++OcEwxdNFd8rkYl7s71wz/wC4QaQXvqPH+nFaYMhBTa0/LW++EddAhA43yPy4QVO2KDvdH3MpEGtECxHAHXfHFR2hug1siuvcyFSkLx7mePbAaLsu4BUPgx2g+aIjjbTuQ61lTBpg83JlOKaJefGtb3gybWQuIzslbF6MCQtuU0u5t+8OsCJWiMu94I1HVnM3MbUTaVZRG6VY888ZJ3qp2D2Slx071g3VN9IDWDG3UWdZJ8/HePq3P0x9BDIehJ6OHCe2OHD6qC5NgUKULt04TrjF10CHQSEk08LPeYCFpaZVVt2NbpvnVw19mFqhIUHVDpbAxU7lHu+ODNJFqkyH8hH2lE4poqMHXGOVY6ImnaDcl5t1vKAAvArioSTh8ZzVFC+Rutng1xHC6UjNQnkNPLp6mxQUgo3QYReUim7rEZWBHEi7McKvB5zdClAZqRUOHTE+EpLTB7uId6Ft4InOIprBx0A4KG9Ag7ZX8Brh2OfAUewis46A+EO6jDGicjAQ+FgIHJAp15zTTtHSlAdJvWEO2QxlbA10ExuVoKStgOwrN8kfYQnAjBrReNcTe/GTXfw0BXD9NwcieYoO+VPL8e+MW/IPMACJEu9tVLDIiMRu1brnf6qrZKcyIx0xB3ge0FYDUbs8iHKF1VZQUgPJdpOGKeFN5DBDLkYBF2Dwpi4oYkvoj025p3iMXNvUXFvojmqIWQ0Wq3vbl4wZqHBLhbK5j+Tsn81IA9z8Y2yQnes5Hz/dYqi0lo0KOxDV8XrDBOlBz4gX58uDp/kIuDv73K8oc2zsOACZWQV55a0JvnjARYAERAyjZDkecRTIUQ4S6o/ZxiQAGkrsNjP94ucqEn4vGWeyCxbQodOp4wCIjRZl765x/UacjZwDPv8AWRi0bDDUdEVNl1e82xAsokbKX+24tvop05ZK01xd4no+LS819l0fGMTlsvbsL9tI94QBAurEStEAW+2sf9YWBPCbDwJiGBFTIpyBfLzhwbKL4OksdV/OMzlgFG6Etn+vbBAxA+Fdboc+2F+WDwduY+f1NKGOmtLRQsFhNzWuvGbCSiobyFpoEQ1vnLREv3lu5gCngecXxyOERySKPbZiVtFAd928J47PfRRQaE2omkeO/aZZBgcwNNM0864eMULzNUalrvfD+c1Yc7ngNAXe1DXxhMgPY1fFs/OHYtY6f84SK+nr8RGSadTldb/jNENxNOpD+Zker7IwWw1KQ6tO2OJUQb24eYIBPhthr+cCrjwW/Ew2RZvmPiHW/wC7x6pgdG2h2qHH4ysIZ07HQvx5495m/QRe0GtJOecbOBOjfatnTl68zgGfhuJXKiLLviPXlfzcFvFUCJYxDdf6piNKyIvlQ0cHQeXJk9VZtQOPIfJ43asPIJnPCOHQvEv59YuUFUQ9m6NQSeMPyNX61oe9ntrVnTl0G3bMpZq87S7w2woJfxJ+SYjsINR8Ae7+L4y45ijg6oq7mvPzRWIrBGvQnPOsB0a1nQB7t8e31lUaUimGuLOXjr3wMhE6GdLGOuvGNzd6oEKAg3W5+8GDjqSBvlWgzt0nOEvcdUI3KKcT840S7DXeVEvy9vrAo41M9u6c9dH8TDBhKXCcmzJWwJ+7bZyjuCGgMj5HxkzRQKgUTkONk0hzwiX1zshyS1SbVPDdCBQxApe4DweAricHLoYN7kRNvQ53Ytdk5bKg4GkO5hk4YnqlpZE7huqEoK4BcB1of2/5sePb0TreAOrQDqrrFY5DZ9dfliNBByB4JNf9wDCGwMs60f6xzwhobCzx/bkqLS8rz1q7/GcvbCGw7IfDHzWEBZ/e82pDsAvPG0cNpG8AfnX9uKOprh17Y02gMVrxBUr7bzUGm3ZjnWopKTg3iZ7j6peHjW8J7U6yYTkNoVaSGcKeKKCStKNiFGraYw0ihgREngI0aNALjtFDbbYiQ7t3dnNyFU5QykXA+HZ74SpCC+l1dKPFbjcHKGVyLtpxXRZcKI/hIDsBvAjwisk07vnhOcZdW9Yb6J48u8YBF5HqRoTvYQDrNaZAFYPMJ1xODOEiBfyEvi7/AN5E/YKbnkR/9+MJg4hOiROUHfB3iAEtUWjNvsP24YlA4SCDQTWtTX1gcvocAHnBgdOVCpoNc3x3MnkeIlDRSsgRIcE1hv1Aojlxa0ATvAVkXejXLL5/We+8U2K4D+fBK4hcoEA2CS0Pd5MUJ8VqCSwOGivfyPjAsN70weQoxDxc5U2RUl0ux3uXScYs3GacYKwOBe3GskBeTxhRwIS7Twc5TPxL7m13VdDrL0JULemvPbnffjDI7qhFa+wByJx5wRl4PNcURpJd9GxzaQSJzxt5jpie5vEJ2kDANa6E+t2hcGr5K4507Q00XGVQBKKQEghdfkqdi2Aba0RDge3F5+IAcI1sC7V4aEm7LdJi0rVrZLx4aavvOmOwaCVYrANLN+aNOqzdE7QOyT+d7x70tUCPHhxt/XzisUERAEocOo8/JW5cDFp/KO8n37JCVGBypqbeLvkRhC7E0nn9nGWdXWUYraoa8y7yOvG7+zjEkgQjr40YEGxdUd4gJCbskDJUbpNMZZi+4agJokabN35DE0DqhpKJ80f6Zu611XIhuu5nhE+eMQBIPfeG+A51owUxc8UcQqIdyG5wJd8nnFoybHzRu/vKJUgJQi13Qr4PdwmAwnPYjFlhquqc4TpMrzDwtvCRS7KoBSXsk2XBaU6PyxnDrfoLGi8g3dYXazeg/AM69rkoHftwyCngq3xK4UbReefd+sGAMNtT4jyf2xVich3acHxeZg33SQdpR72b8OLmkOdxZG/XM5+cvva3Ad83x1vq5XNSpvW+A+Tr6x+zKGQZsnTfN3xzB8sNOR9jjrk3SW4GBmoVoQ9gxuQF45A7MZNANE45/i4xpkcJGw3aN71rW8dzWsQA6KCA1CyeMewgY63UvNQE54FhaW4PNRsSxDaHNXJqWKQIoV6j783oIIpEalFK0NGwykOHExgj6PALrQOd/WuK/EhVBI108ajJzlcFAE0o6Hg5Q0g624VPRv5AJtzfy1zc2/sIqqIxwRJ1M4uI1D+FxVmxMEJdQTNpwMKMI1qUVhHTQfbk9nfWh1w2sutMNbGe2pw/6n8YcNNt+WAzkQpx5hGVTrdahCZF2toaUMTTng/WFyoSGophdrQc+NYXOvxNFBdHybM4YE3Bf5cbfFXY+sMbkOgVtGye+NCMIqO4DRw62OAiCUqlFQGmvKjeMeNGk0ohJhp8GsaObyAjTbYTp84IXYy2GiogXiLd2afPmdB0UkGt8Mf65hvoa6rw6xeW2mP3D+PxnX6LGe89rvjB639ch62ma46Y8CJYHIjwJoM3CJtuvzvB2ud7/wC8RCscF3lTzYMPFnn6xvUgmENUHAPWxvesXknTQLRptVGydpg7tgbkCKtbK/N5ORU0INANbAL2nfxzFWzhWM02I9ibTEIJ5+BjIQgpxSDo4ackiEhzGIEdgFUJQAxJQGSJTtiib2yjupgmFOCFJVaOuda8QwudnflEEYD4d1pJmjESKFFEV8bQS1cJJAygBACuFIckNTYkibtJFReBZXeuZtzqoiimVAl8OVdJumIhsUVQgbAHmKdh25WrlSlZQ02uiW11ox9H9AvESKRn71rHevmUbGBOno6Aqmn5JtQNWmRvYx5dOwWDUQNtVALV2B8ZAESmQPOLkGAxCsGRYbRF03GQ3Gi1ZR2cjrU4x2EAFUeVdvzy5bDGgeMi4bgIv4MLJnmqB9pvHn4Yf5HJm70Rq/iYvpmrB+xPrHGX1zOg1HL1cOsUAkBw7DXyMgtJVijTQN3XE+McBKxI7dl4POTBuqB3QNgC6+eOlZEJMXWkXztOuO8giVXyPtiMiBpDG2m8tqtXq/ec63zvGsjgErgjv7M5Kl3Fk5wsShyQKWFhTuZIT0AUmzBN8Emyic7/ABQw0KCqbADJK+x1dhaQae4Ulg68GcSYNp1pqaWX77x0ACnDsOppA/a3jCSNAIIasutCTRAl5x1AkVnI0k0jfaIUGl6ATQoKm6bVe5ciuQoDXhVfPuZe3CoiC1X5KVTfv4cURtdYUlLpg73/ABkkKldqg02Le7xzxMGRRlFXoXYBXrW5GlRUpgUBl4dcxvEmDRsJtNCtpFl3089oKbNjgdgIOvinOO92NbUN99xo6mOEaCMKnT/ycObw1VUgOklZE7mJs8MQHG9aVNed/I9YnEJ2id9B+sFSe1UUXj/vHjvroE8p/wBx1mA3zM9qUqv7wgCysKzH1511HvKa/OK6sg6Tnv8AnF1BQ3T2N5cnM1xe3Gp8433MQ961/KY7M1j3HPZeL1l/Hi2qzlTXJ5t+8sOIRlyIqvmgDOTBGCURWgLulR/bjFESQ3Q0jziVd7Ac9wGMmq2it84J84PrHxzidmJPGSGn9XGb9QwIi/U+UO8XQxWnJASjy2LITnFBrQlVxMJuqAULfMgoUshAT4T+9IQNw1XSApXT1rllwgnQKqBeR71erxlsuyAWEE64Vn4vWA6SJsiq7F0aPO47wr6faCKbHd176DnZRLo1FQ0A8Dd4oYNAYUgMnKAkFqDAjGQiNYBDZ0qTTdxIivMMEKvhAuypuLwF2KjBJGJVvD2BvrFvqkF0RKLw6Hf+8mqgUwaAJ2O3h3jvSEFtE+HRwccPesgRUgbvsAbVgE9nW82iNL5K27edcuBh7tDjUedSKf583QTNE8hpnwh9fgehpWVPC6La66uFSlIqOHHiwHzD2xsjtJRFKlO/vzkKbJjZHOvu/wAYOnvhbnJ5LuH/AHEBGoUHL6Ov3kEy0clddwvv7mKYBogIfN/v4tCFQcm+Sc6nOJ3Ybi8nWK+pkxPnwe/6cZUfggdi1fgnux4sGQdUtgGt6vydQ5dxXkqVSa/k4KjwMbTWwdQ5hv2xZGp8W7tDWk/JeYRbdLlEuiCqoQ6WpkDKcoH6uI9vsmfC+2WwA6vvk+sfNc1BCduTToaKX5994tPBwpPeHwYVYqQYru7nz3g1f2zFlaokaYkf1jQtptNvv2ZToNiLXxyQ99/GXAoQmvDHrS/Pdx0OJX3zXRP8zuGUOwUujb04u5484zB/YBbqjqF2PBwsbnUqmobd2s89uvAlIKB96W6XYPH08ol7gSpptrLzveztoKlKCCwh29j4Z4boBLVxCv4s5/PMfIaSQQVbqocPyDx0TPtooN5R13MLF0QXd/8At+xy6ZdTNmwW/n98TCznWnPMZrped84lv0DQFjrnx37vtaB1m6DyZCLA8iw6/wDuJej29uALr5FcSjWzun+83FE23ChUkJLHzo7Os5fgpAfeP6yuc7Dfhcd+RWA/Xj/Oa8FdD/OTF5FwH9X2uTlGwTSjvVedEb2q40Fla9mwoJq2de1wRRmqCOA2GjerrccFJqwHAHXJ8QmPhfwBWNqNtAfzdTcfrdfby4gxIPOh/D/OUkMVAA+99c4wiR98LecJMWHObUJhALzKm/nv4xD4usEJVS6bMWuXGsLOeLgQpB8ZJeDSVX+cAipOvjNihXcfHEuCWVNkzd/kLviz/fnDRXkJJNmwfIzXu4rZboBDtPHfjv4w9RHb2Xm8/f8AGFyvHsSg+NH19ZAKZzX9+MAs3MLr9uQCKKDN998fGaOAAt4cfGtTrNmcCV/GMBE3ukkOP2ZP5TgGnH+vfvACEJ2mi+MQeD7UJ7frIUVHcTWFKUvK24mkAfIXEXUvnEuz7MLwN5eX5PODEGkOQeAXNDSGlA7Fe/jeEKhuyvK+/bhcFaCByXqcU+TWVDjQC8jvfY784bJEw6njegfm4A0I8yyXTuXr4MhM5oEAwCVUW++EGIrJ0eARdF8i6yUMKPgO9CPetTErWqi8o7eLyP8AGP4Q6CzkdlvGtazlns8C/SYQFTcl+Fccce+OBbYpVfzxnmWYwTvrGUUJWfjEqIIR+X+cVFJ7N5ufGGv+52khy3GNL2pteNzd/wA4KadcxO3+7xqrIapt9v74zdSKqml9gQ58ZUqxUC8NvwTn85Vbu+9OBXgoUGiWaozxOcmJoAUR6NAeU14/Im0KLUfAnEr0YTPrECUJHWuH4veRQZDpthHj7+/tDpCFiopODrOIcaiEOT76wLChsQf5x2bPe4sHZF6X3yeyeIDWBHI9rfzgQIN+y4L+zdZsoH2X/OICCHi0wwlF8c/3iVP4cIGzTMHGk6zasCTbXbhQFtaaq4sAHLwL2+xjDpti4eUI0CNNIm6l8J1Z30+3MD94SqtgU7ckNypLzK4rJaNPAltppDTty0q3yNBa8CkNl51TKJwWXVoCx7u3joxk3bdU31gijD21FFmtyNnzKFBuprEztDOh4qE9vGc2w75P3x1iQsNr4/z+MlIoeEwddt98sU7wt3ZpLzhvbwkd/nCAkHnZu5aCr2X+P1goNAg77/zx/dYGq6GCkfnDHCgXvj8YIAA1rfGhfOIIbfKf7xg8gicPjeClodjXBPvX6yUgqhA1u8R45uvvEbrUQSg8a9p+/jFFelBNmb/nq8ccYmUlAcl46THB2NSxvb9PL5yQuQFCEaBhr5xVgCiMnxQwyLGqm/r7zesvZ1f/AJiWACQW7/Jg0EoJ0wxyqqVbtu/P9mHCH2xCntz/APcY6Coy3mc/343ltVNZDXGxnF6wSHYRvr9e1/GGepvUc/WWQVvS5yx/HxRzTaeH48mD+5yqJ8YDebGn2r/XDPCGsT2D78PnEiEgb13Y7JLfa4reRZ5C1dHsTrjHYudCg3m5dIBPfD+bzpNgibUCvFFCY5bfVI2AtQFQbffWckQpHcGwKL3W7HHBO9p0527yb+d5TirvCkKO50Qrxldfj4WoQt5L+sYbs0Vzy7/hxJvNEpriXIdGNLJkGgesg4ax0s/RgJBHp3hkgYnLb89YalBWzjN7x94a1v7xDRf14w6SUNGyXR45/R4xSDs4XWEQI4u3/bWULRrUH77/AK4C8A06GwdcfGarhdkde2EKOgsnPufP4xY3kmx1+h8YKxStETT5H2wir0WkcU0tG98dacWBaGuuIV+Od+N5IKMBEgF2HHXtvrJqQcqGyvvt+NmRNnGwBFu/r3MvisrspvX1PbHlHd6Ajw/jFTHSGKfs+8u0Qr/y7Pv2xZQk0iJ8/wBMh00hTQ+sjFShVR2defb+8hA+507nOcJ3+OF7m2rpbEgsNtE33EaCPh+AJ87e2QoBVGHuyYao4Yk7pGyQ1Tn22xnGqonwQopOzGzRCaoFVpSY7qBvWDdCw+FJCJwtO3WPsXngQGiGlNa34myLsEmyy8rQ4dAYRwIFgHkjL35dZJpB2AK0hSO2qW4EZqxSEUV1G+woStChVbgLmQil5HeV3wDeIohFuim3jjLdyCWypAiUL1dzCASWN8HxcY0kbrQyBtvoc1xImKc1N+DLa2G7Rfe9Y5C8lcdUfh4xwLUaQ42dd9/nNulHRE/3mwuvGn/5gvRvh/6xwsPI80L2bJBt6nzx/Eziq4abP2YaqNVDXtyt8N/xAAoBC6CBfYA/GdHCHp+Mn07Jv7B9+/8ArCDd7VbeHtAo813jkFiilB+G9Xx0Rusqkz0ut8O+d7zZBDkTZUHgsOuY+2DcWDHs9ltT3/iOUelLteGvHX3vEd5CKgaI2757fxcAWO9PQijk/WnfWKEBoapyPOvbjSzBjRt2df0Xn+MbAvAqp3/PErfbGIioWrt89Lp/GE9XZb1r/vk+M2BF0JuEViiBtO5iqByZQganJ0iZZWLSIJpRXgKnaw2aQPjy/WCsLKy6yjJBOuCgKO8QnX+iF0BFzzxtQcTA2hpaAVE6po3MWsw9BTi0IIvhNxBt5fKOgCjZogNHnIGhsowVWmNdIXTjRkOx11HVDXPM3XSWXJsh224b0cZcT5Lb8niM4Pswm/Suboi2dCEk0nOXC7EbCoi0BzA72OMGqBJt0IRCTwmzjeKUfWyv4U/eaug840KxfkPmOBPJudf7zdyGxqfwOOy9dC3g8HGxd3HZIPuf9xIsLD+951wfKf8AJigVIKG14MUFGvA/3grjD2n8GCRGhxF/5lRSiWnr8ZAA/Bf9mIAAzKKW7jv79sXBwKDXx/eck3UKS/BzN3ft74pNwgiS1OeofF8zByCDuQ1WPvfPPGXTpSLyG6HYI/HWMoCDYAa7dd7nzg3c2lJpvmTQt9IbbWdZqW48T5G+h5sVOeKhyKQDYvaecCELitF40SbeH4twlhV0r2K6afjRWrIWfjWAlI5B1mmr8IwiNMIo8c7GfBryiVA4RYWa9rG+2tZxWEXz70euvOvt/9k=', 'S');
/*!40000 ALTER TABLE `lugares` ENABLE KEYS */;

-- Volcando estructura para tabla cg-lugares.roles
CREATE TABLE IF NOT EXISTS `roles` (
  `id` int(11) NOT NULL AUTO_INCREMENT,
  `detalle` varchar(50) DEFAULT NULL,
  PRIMARY KEY (`id`)
) ENGINE=MyISAM AUTO_INCREMENT=4 DEFAULT CHARSET=utf8;

-- Volcando datos para la tabla cg-lugares.roles: 3 rows
DELETE FROM `roles`;
/*!40000 ALTER TABLE `roles` DISABLE KEYS */;
INSERT INTO `roles` (`id`, `detalle`) VALUES
	(1, 'SistemAdmin'),
	(2, 'Admin'),
	(3, 'Usuario');
/*!40000 ALTER TABLE `roles` ENABLE KEYS */;

-- Volcando estructura para tabla cg-lugares.sin_imagen
CREATE TABLE IF NOT EXISTS `sin_imagen` (
  `id` int(10) unsigned NOT NULL DEFAULT 0,
  `imagen` text DEFAULT NULL
) ENGINE=MyISAM DEFAULT CHARSET=utf8;

-- Volcando datos para la tabla cg-lugares.sin_imagen: 1 rows
DELETE FROM `sin_imagen`;
/*!40000 ALTER TABLE `sin_imagen` DISABLE KEYS */;
INSERT INTO `sin_imagen` (`id`, `imagen`) VALUES
	(1, '/9j/4AAQSkZJRgABAQEAYABgAAD/4QBaRXhpZgAATU0AKgAAAAgABAEyAAIAAAAUAAAAPlEQAAEAAAABAQAAAFERAAQAAAABAAALE1ESAAQAAAABAAALEwAAAAAyMDE3OjAzOjA4IDE5OjU5OjMyAP/bAEMAAgEBAgEBAgICAgICAgIDBQMDAwMDBgQEAwUHBgcHBwYHBwgJCwkICAoIBwcKDQoKCwwMDAwHCQ4PDQwOCwwMDP/bAEMBAgICAwMDBgMDBgwIBwgMDAwMDAwMDAwMDAwMDAwMDAwMDAwMDAwMDAwMDAwMDAwMDAwMDAwMDAwMDAwMDAwMDP/AABEIAJYAjQMBIgACEQEDEQH/xAAfAAABBQEBAQEBAQAAAAAAAAAAAQIDBAUGBwgJCgv/xAC1EAACAQMDAgQDBQUEBAAAAX0BAgMABBEFEiExQQYTUWEHInEUMoGRoQgjQrHBFVLR8CQzYnKCCQoWFxgZGiUmJygpKjQ1Njc4OTpDREVGR0hJSlNUVVZXWFlaY2RlZmdoaWpzdHV2d3h5eoOEhYaHiImKkpOUlZaXmJmaoqOkpaanqKmqsrO0tba3uLm6wsPExcbHyMnK0tPU1dbX2Nna4eLj5OXm5+jp6vHy8/T19vf4+fr/xAAfAQADAQEBAQEBAQEBAAAAAAAAAQIDBAUGBwgJCgv/xAC1EQACAQIEBAMEBwUEBAABAncAAQIDEQQFITEGEkFRB2FxEyIygQgUQpGhscEJIzNS8BVictEKFiQ04SXxFxgZGiYnKCkqNTY3ODk6Q0RFRkdISUpTVFVWV1hZWmNkZWZnaGlqc3R1dnd4eXqCg4SFhoeIiYqSk5SVlpeYmZqio6Slpqeoqaqys7S1tre4ubrCw8TFxsfIycrS09TV1tfY2dri4+Tl5ufo6ery8/T19vf4+fr/2gAMAwEAAhEDEQA/AP38ooooAKKKKACivKfjv+154X+B/mWbyHWNcUcafauMxHt5r9I/py3IO3HNfJHxY/bG8cfFV5Im1JtG018gWenMYQR6M4+d/cE7T6V52KzSjRfLu+yPvuGvDnNs3iqyj7Ok/tS6r+6t366LzPuHxz8dPB/w1do9b8RaXYzp96Ay+ZOP+2a5f9K8y17/AIKKeAdKkZbSPXNUx0aG0EaH/v4yn9K+GAP/AK/vRXjVM8rP4El+J+t5f4M5TSj/ALVUnUflaK+5Jv8A8mPseb/gpnoCyfu/DOssvq00Sn8smrumf8FK/CNwwF1oniG2z1KLDIB/4+K+K6Kx/tjE919x68/CfhxqypyXnzy/VtH6GeEf20vhx4vkSNfEEenzP/BqET2wH1dhs/8AHq9N03U7bWbKO6s7iC6tphujlhkEiOPUMODX5TVteB/iRr/w01H7VoOrX2lTE5byJSEl/wB9Puv9GBFddHPZrSrH7j5fNfBXDSi5ZdXcX2mk196Sa+5n6jUV8ofBT/gox5kkNj44s1jBwv8AadkhwPeSL+ZT/vmvqPw/4isfFejwahpl5b39jdLuingkDo49iPy9jXuYfF0q6vTfy6n4xn/C2ZZNU5MdTsntJaxfo/0dn5Fyiiiuk+eCiiigAooooAGbaMngDkk9q+Sf2p/26ZJ5rnw74GuvLiXMd1rETfM/YrAew/6ad/4ccMY/25P2q3vbq78D+HLkrbxkw6vdRtzK3Q26n+6Oj+p+XoGB+Wa+dzPNHd0aL9X+iP3/AMOfDem6cc1zaN29YQe1ukpLrfotravXRLJI0sjOzMzOSzMxyWJ6kmkor0b9mf4DQ/H/AMbyaXNrVvpMdtF57oV3XFymcERD7vHGSTxkHB5x4NOnKpJQjuz9tzDH0MDhp4rEvlhBXbs3ZeiuzzknaOf1rqvCvwN8ZeNolk0vwxrd3DIPkmFoyQt9HYBf1r73+F37MXgv4RxxtpejW819Hz9uuwJ7kn1DMML/AMACiu/r3aOQu16svu/z/wCAfiea+NUIycMtw91/NN2/8lX/AMl8j89IP2JPihPHu/4Rd1z2a/tQfy8ys/W/2SfiR4fjZ7jwjqcir/z7GO6J/CNmP6V+jdFdP9hUbaSf4f5HgU/GnOFK86NJryU1+PO/yPyo1bRrzw/fNa39ndWN0v3obmFopF+qsAarV+p/ibwjpXjTTWs9Y02x1O1b/lldQLKoPqAwOD7jmvnj4z/8E69J1uGa88G3R0m85YWNy7SWsh9Fc5dPx3D2FefiMlqwV6b5vwZ9vkfjDl2KkqWYQdFvrfmj83ZNfc0urPjeu6+Bv7QniD4Da99o0qfzrCZgbvT5WPkXI9cfwvjo454Gcjg83418C6v8OfEM2la5YXGnX0P3opR94dmUjhlOOGBINZNeTGU6U7rRo/UsRh8JmOFdOqlUpTXqmujT/FNeqP0y+DHxq0X45eEk1TR5vmTCXVrIR51nJ/dcfyI4I6dwOur8yfg78XtW+Cfja31rSZPmT5Li3Y/u7uLPMb/zB6g4Ir9FfhZ8TNL+Lvgiy17SZN9rdr8yN9+CQfejcdmU/nwRwQa+uy7MFiI8sviX4+Z/LXH3AtTIq6rULyw83o+sX/K/0fVeaOhooor0j86CvIP2yfj8fgn8NjDYTbNf1zdb2RB+a3UD95N/wEEAf7TA8gGvXycCvzf/AGn/AIut8Z/jFqWpxymTTbdvsenjPy+QhIDD/fO5/wDgWO1ebmmKdGjaO70X6s/RPDXhmOb5qpV1elStKXZv7Mfm9X3SaPP2YuxZiWJOSSck0dKK+hv2Ev2b4fiPr0nijW7VJ9F0mTy7aCVNyXlwOckHqiZBx0LEehFfJ4fDyrVFTh1P6cz7OsNlOBnjsS/dj06t9EvNv7t9kfPNXvC3ie+8F+IrPVtLuZLPUNPlE0EqdUYfzBGQQeCCQeDXq/7YH7M8nwO8Wf2hpsTN4Y1aQ/Zj1+xyHkwMfTqVJ6gEclST41RVpTo1OSWjRplmZYTNsFHFYdqVOotn9zi13WzR+kP7Ofx6sfj74Dj1GHy7fUrXEWo2gPNvLjqO+xsEqfqOoNd/X5m/BH4x6n8DfHttrWnMZEX93d2xbCXcJPzIfQ9wexAPIyD+jPw/8faZ8TvCFlrmj3H2ixvk3oejIejIw7MpyCPUV9XluOVeHLL4lv5+Z/MPiFwVLJMX7bDq+HqP3f7r/lf/ALb3XdpmzRRRXpn5yFFFFAHH/Gj4IaH8dPCzabrFv+8jy1rdxgCezc/xKfQ8ZU8HHPQEfnz8ZPg9q3wR8azaLq0Y3L89vcID5d3ETw6/yI6g5FfptXn37SfwJs/j18OptOdY4tUtQ0+m3LDmGXH3Sf7j4CsPoeqivLzLL1Xjzw+Jfj5H6V4fcdVcnxCwuKk3h5PVfyN/aXl/Muq133/ODNeyfsX/AB/b4N/EdLG+nK+HtedYboMfltpeiTe2Put/snPO0V5Hqul3Gh6pcWV5DJb3dpK0M0TjDRupIZT7ggiq/UV8rRqypVFOO6P6bzXLcPmeCng8RrCorf5Neadmj9YKK8i/Yr+LzfFb4L2qXUvmapoLCwuiT8zhQPLc/VMAnuytXrtfdUaqqQVSOzP4qzbLauX4ypgq/wAUG0/Ps/RrVeTPNf2uviG3w3+AWvXcUnl3l9GNPtiDhg8vykg+qpvYf7tfnT0r64/4Ka+Kmj0vwroat8s0s19Kv+4FRP8A0N6+RjXyuc1ubEcn8q/4J/S/hHliw+RLENe9Wk5fJPlS/Bv5l3w54fuvFfiGx0uxj8y81K4jtYF7F3YKufbJ61+nHw28B2fwx8C6XoNgv+jabAsQbGDK3VnPuzEsfc18W/8ABPrwOvin48rqEqbofD9nJdDI481v3afo7ke61yviD/gsL490H9pr9u7wa2g+EDpP7LfgP/hKvDcphuBcalcf2Ubzy7s+dtZDIAuI1jO09c816GR0LU3Ve70+S/r8D4TxmzqVXG0ssi/dprmfnKW33R2/xM/QLxz4I034j+E77RdWt1ubDUI/LkQ9R3DKezKcEHsQK/Of46/BbUvgT4+uNHvt00DZlsrrbhbuEnhh6MOjDsfbBPnP7K//AAcaeMPiR/wSn+Onxd8c+EfCumfFr4Xz6fb6R4f06G4Fnqf9sQW50aRo2laVhJLMzMEcExxkjaea6z4J/wDBSa+/bZ/4IifFL4+fGLRPDPh3xX8KrrXIlt9HWWO3W8sY0MFuvmSO2Z5HjhI34JdSMEAjszLArEQvH4lt/kfL+H/GksjxTp13ehN+8tdH/Ol5dV1XdpGPXr/7Iv7SsvwK8YfZNQkkfwzq0gF4nLfZX6CdR7cBgOSo7kAV+en7AP7dniz46f8ACdaT8WtD0XwX4m8G6fpuvtDaxzQxnSr6yW7inZZXduI2ViQcASLx3PK/DD9sX9or9s3TL3xd8HfBXw30P4ex3cttpl14yu7v7braxsVaREt+IxkYwwwDkBmwSPnKdGtRq8ysnG2t9Nf8z+gMwzbKM3y6NGalUhXUrRjFuXuuzlb7PK7avrbe5/RlaXkOoWkVxbyRzQTIJI5I2DLIpGQwI4II5yKkr8Ttc/4K9/tH/s//ALRHwd/Z98CWvwTOsePNDlv3vvHM97BpumXUUc0ksCXEUoKwkwssYZGJZ1GQDx6f/wAFE/8AgsR+1B/wTy/ZH+DviDUvCvwN8bfEr4g+JtR0y8s/DEt/qGjzWsCCSIWr+akhnI3KwO4bhgLnivr8PWVWmprqfyrn2TzyzH1MFN35Ha9mrqya+dmrroz9YqK/Pvwj/wAFpZPjp+3F+yD4R+Hln4f1D4Y/tJ+FNZ8QX15cpK+qaXPZWVzN9mRlkEavHPAYpQyNyjgEcGuT/wCC3f8AwW1+IH/BK/8Aak+D/h3w34K0Lxh4Q8Uafda54pjkhnfVIbC0mQ3LWrJKqKyW/mvl0cDZk/KDWx4p+mFFfBem/wDBZK3n/wCCkHijwS9x4XuPgPoPwEPxoj8TW0Mz380IngywbzNhh+zyO4Xyw+4D5uor53sf+CyP7avxQ/ZJ1v8Aaw8F/BP4QL+zzo7XWow+HtU1S9/4TDUtGtZWS4vhIh+zIEEcrHK5AjchJAFLgH1Z/wAFFfhGvhnxxY+K7OPZba8PIu9o+VblBwf+Bp+sbHvXzfX2OfjX4b/4KJ/8E2NJ+KHhOOb+yfE2ixeI7CKcDzrOSIkzQNjjzEKzwtjjIOMjFfHBr4/N6Hs8RdbS1/zP6v8ACvOpY/JI0qjvKi+T5JJx/B8vyPdv+Ce3xCbwn8b20iRytr4ktmgK9F86MGSNj/wESKPd6+6q/Lj4c+J28FeP9D1hDg6bfw3J9wrgkfiAR+NfqMrh1DKcqwyCO9erkdXmpOD6P8z8z8ZssVHM6WNiv4sbPzcNL/c4r5HxF/wUh1M3Xxv0223fLa6PGcehaWUn9AK+fOte6f8ABQ9GX9ojn+LSrcj6bpP/AK9eGZrwswd8TP1P2rgWCjkGES/kT+/U+uv+CY+jKmh+LdR2/NNcW9sD7Irsf/QxXwT+0F+xX8Z7r9qP/gp1r2j/AA58UX1h8XfAWm6L4QuIbfKeIZjYw280duc/MVy4P+6a/Qr/AIJoSKfhb4gUfeXVsn6GGPH8jXrGnftQ/DPWPF48P2fxE8C3WvNKYBpsOvWsl4ZAcbPKEm/dnjGM5r6nLFbCwt/Wp/NPiPUlPiPFOXdL7oxSPxr+Ff8AwRW+LUP7cn7KkzeF77TfhHqXgjwJ4g+KfmmJVtfEHhnTJY4LOeMtubdIIIyoVgS7En5a4U/8E+/2ktS/4JW+KP2adP8Ahp4y0iT4t/tHzy6pfSWeYNO8M7rOQX8h3cQ/aI4XB7iCT0r98PEvxD8P+DNT0ux1jXNH0m81yf7NptveXscEuoS5UeXCrEGRsso2rk/MPUVkeN/2g/APwz8UWWh+JPG/hDw/rWpAGz0/UtZt7S6ugTgeXHI4Z8njgHmu8+IPxS/aG/4IsfHb4L/8FHNBvrfX/Gnx08FfFbwDfeDfFXiY6NbWU2hRpbtFbxPHb4TaAlssbkZxvBOFr4n8S/AX4qeAf2L9S/Zz8cfAfxN48bw3dXlx4N8TeHbvdZx3En2jyZ51VlZfLe4lO2TGQwDICoY/1AeNP2kfh38NvEi6N4i8e+C9B1h9u2x1HW7a1uW3criORw3ORjjnNfOv7e37OVrpdjd/EfRfs8en7PtGtKrBY4lxk3YPTb3c9B97puI8vMKcor21NXtZtenVW/HyP0vgPMsNWqLKcbUdNSUoxl7rXv25oSUk1ZuKcXo1L1PwN+M/7IHjGz8Q/s0zeJvgr4i+JegeCfh+NK8SaHYzKpW62TqkbSo+AySPG/DEELivsj4b+Ctc/aA0X9hrwr4C+AniP4bWHwc+M66xquhSP9o+xaWbi3nm1CRmYkKXaUsMnoSBjIHuXhHx5oXxAspLrQNa0jXLaJ/LebT7yO6jRv7paNiAfar3gL4uWNnqf9ueHPEWmyXGgzeY91Z3kcq2bryd5UkLxnIbgjOeM141HNKlOSutFvv1d9tj9bzjw3wONw9SNOr70rOLaj8UYxiveS5nG0dVe2raV7Hl37Nn/BIn4rfsS/8ABw/8N5vDfhfVtQ/Zn8N33iXxH4e1aGMNZ+GF1bR7mOTTnbOUVLpERFxyJFbOXavqb/goH+xn4k/aK/4LdfsteIbjwPfeJPhNpfhLxfoXjG+MO/T7aK/0m8tlgnOeBN5oTHffX1f+zt+234F+OfgbQbw+KPDNnrGsSfZIbM6nCDf3AIB+zAtmZSSMbNxBO08g11n/AA058Nv+E3/4Rn/hYXgf/hJPPNr/AGV/btr9u84HBj8nfv35424zmvq6dSM4qUdmfzHjsFWwdeWGxEeWcXZr+t0909mtUfix+wJ/wRM+MXwu/b+/aC+E/jax17/hTt58EvEXww8E+OpYhJBLYX+o291aIWB+aaJbifcmAAYGUfKBW78NNZ/bM+An/BLnWv2JB+yp4m1zxxJpGpeCdL8dWWqWx8Ky6XevMrXj3DEKrpDO4VGKk4QuFbdGf2qvfiH4f0zxnZ+HLnXNHt/EOpQtcWmlyXsaXt1Gu4s8cJO9lGxskAgbT6GqXxA+M/g/4TPar4q8WeGvDLXwY2w1XU4LI3AXG7Z5jLuxuXOM43D1qjlPI/8Agm9+xUf2HP8Agnj8O/gtfX0GrXfhfQms9SuYc+TPdTvJNc+XuAPl+bNIFyAdoXIB4r4imt2tJWhb70RKN9RxX6ieBPiT4d+KOjyah4Z1/RfEWnxymB7nS76K8hSQAEoXjYgMAynGc4I9a/MXxG6yeItQZfutcyEfTecV87ny+B+v6H754IVJXxkOn7t/+llNhla/UT4Z6o2t/Djw/eM25rvTbeYn1LRKT/Ovy7r9NfgSjR/BPwirfeGjWmf+/KVnkL9+a8kdnjbBPCYWfVSkvvS/yR8q/wDBSjSGtfi7ot9j5LzSRGD6mOWTP6OtfOZr7K/4KW+EWv8AwF4f1xFz/Zt69tIR2SZcgn/gUYH/AAKvjWuHNIcuJl56n2nhnjFiOHcP3jeL+Unb8LH1h/wTH19Q3i7Smb5j9nu0HqPnRvy+T86/Kv8A4JJ/8EyP2f8A9tH/AIJr/tU+Jvix4T0Ua1ofj3xOtv4vdmt7/wAPwW9nDOkqTBgAkTs8hVsofmDAgkV9/wD7EfxBXwD+0HpKzSeXa60raXKT0zJgx/nIqD/gRrndK/4Nfvg1ZQ+INHuPip+0NceAvFesy67rHguPxgtpoOqXEjhmM0EECFwdqDO4NhF+bIBr3snq82HUe11+p+JeLOXPD59Os9qsYyXyXK1/5Lf5n5sfCD46eN/2gvgd/wAEnNZ8eX+oaxqlj8aL3SbPUr52kuL6yttV0yOFmduX2AGIMckiEZJOTXpP7X/7KsP/AATX/bU+NXxb/aw/ZvtP2jvgf8UvGY1W1+I9lqjzan4Nt55yILSS1MgKrGrRQgfukYoirKwKxj9Zvi//AMEjPhB8V9V/Z7kt7PVvCOm/sy6vHrHg3SdBmit7JZEe3kWOdXjdpELWyEkMrsWclizZryP4r/8ABu58K/jz8UtW1jxx8UP2g/FfhHXPEM3ia98Bah43dvC813LO1wwFqsalY97tgI4YA4DCvWPzE/OP9ta/8B/E/wD4L9ftAXOsfs6+Lf2ptL8S/DDR5NB0bw5pjXT2c09hpxhv5JAVe1iKNs89QWQyjAzWZ4n/AGYfip8MPhH/AME6/wBj39onVtT0jwT8QvFupX3ijRhqhK3EUd5A1hoss8b8hRNtCI5CNdIFO6JCv7W/DH/gnF4B+Ef7ePjL9oXRptch8YeNvDlr4Xu9PM0K6Ta2dstssXkQrGHRgLWMcuR97AHGLH7f/wDwTm+GP/BSn4Q2vhH4labfSLpN4upaPq+l3Rs9V0K6UYE1tOAdrEcFWDI2ASpKqQCPxp/4KOfsU+Ef+CXH/BZT4Aw/BWztvDejfFqC9tda8N2Er+SLSMqvmSRZPyrvd1boTbZ5KuW+B/2T/FOrfsreG9b8eNNNJ8Pfixqmu+AvESsf3Wm6gEd9PuSeigmZ0JPAUTE8la/ow/Zh/wCCEnwf/Z6+KOqePtd174mfGT4h6lph0aHxP8Q/ELa1qOl2hBBjtnKKIzgkb8FwCwBAZg3xb8XP+CPPg39m34OeMvgbqP8AbmreDfGN9cavHfXU0ZuHeV0dZYXWMKjxvGhAKnDLzuUjPjY9Kj77Xuuyf3v8r6elj9d4HqVM1awtOajWpc84dE2401p/i5ZKp5Sckm72/PD9m3xY3gKD/gmprSwrcNpXi/Urryi23zNmqW7Fc9s461F8Svhvqfxv+Fn7enirR/2ctF8faPB8VdS1G9+Jc2pW0esfD20/tCSeTyLIsk8+Y8ltkgQbmLgqrV9raF/wTX8A+HtH+DdlBfeJ2h+B97cX2gF7uItPJPMkzi4/dfOoZABs2HGeT1pvgP8A4JVfDnUPiB4rs/E3xG+N9j8N/idrkms+LvDWi+JlsdL1KaSUybpoUhzLGrEfKSW2jhtwFZYXNKUZcsno7/i2/wAmerxN4bZlXw6xFGClUjGCdpauMKMItJdXzRdu9zrvhd4u0Px3/wAF4P8AgndqnhvxNqnjTRLj4ASpaa7qcRivtVVNO1eMzToWYrMzKS6lmw24bm6nT/4OffCE3j7/AIKDfsS6PB8NLX4xTaheeIIk8F3GqR6XF4iP/EvP2drmQhIgeu5jj5fevrr9pL/ggX8Ff2ovGHwz8U6P4q+Jvwyk+GPhOHwl4WfwD4gTTFtNNXzSoWUxSSlmWd1LiT51POSSTmfFL/g3h+Gvxh8DfDDSta+Ln7Q02rfCS61O70LxL/wl6NryvfvC8m+7aAvhPJVU2bdqlhzmvePw9xs7M9G/4JffDpv2aP2K/ETXn7O+mfswzQ6lfapP4SsvEcOvRzBbeIC9NxCxXMixhNmcjyge9fK+5mGW5Y8n3NfR19+zRp//AATk/Y38ReDtO+InxT+Ik3jbWBIl9478QnWr+2Voo1lijkKKVg8uA/Lg4eZjn5sV8418vnlW9SMF0X5/8Mf0j4L5dKll9fGS/wCXkkl6QW/3ya+QEFuF+8envX6m+CtI/wCEf8G6TYf8+NlDb/8AfCKv9K/N34F+EG8efGPwzpOzzEutQi81f+mStvk/8cVjX6a10ZDT0nP0R4njdjE6mFwi3SlJ/OyX5M4/4+fDr/ha3wf17Q1VWuLu2LW2eP36YePnt86qD7E1+Z7oyMVZWRlOCrDBB9CK/WCvgf8Abk+DTfDH4wT6lbQ7dJ8TFryEqPljmz++T/vo7/o+O1PPMO3FVl00f6GPgzn0adarlNV/H78PVK0l6tJP/t1njME0lrOksTtHLGwZHQ4ZCOQQfUV+k37Ovxfh+Nvwp03WVZPtwX7Pfxr/AMsrhAA/HYNwwHowr8169U/ZP/aGk+Anj/ddNJJ4f1XbDqEagt5eD8syj+8mTkDqpI64x5mV4z2FW0vhe/8AmfofiRwrLOct5sOr1qV3HzX2o/Oya80l1P0MoqHTtRt9X0+G6tZorm1uY1liliYMkqMMhgRwQRzkVNX2R/JcotOz3CiiigQVw/7QHwN0749eAZtJu9sF5FmWwu9uWtZccH3U9GXuPcAjuKKmpTjOLhLZnVgcbXwleGJw0uWcXdNdH/W66rRn5Y+MfB+oeAfE97o+rW7WuoafKYpoz2PYg91IwQehBBrNr7z/AGyf2Y1+NPhf+19JhUeKNJjPlAcfb4hyYSf7w5KE98jgNkfB0sTQSNHIrRyISrKwwykcEEdjXxOOwcsPU5Xt0Z/YHBvFlHPcCq8bKpHScez7r+69181umfTf7Cf7UP8Awj15b+CNfuP9Bun26VcSN/x7yE/6hj/dY/d9GOOjDH2HX5Pg4r6Ig/b21Zf2fpdBkFw3iz/jyj1LPH2crzKT184D5fqQ2cgg+pl2aKFN063Tb/L/ACPzvj7w1q43Gxx2VRV6kkprZJv7fp/MlrfVXuzn/wBuT4zJ8Uvi69jZzeZpPhsNZwlTlZZif3zj/gQC+4jB714vRUlray311HBDG800ziOONBuZ2JwAB3JPFeLWrSq1HUluz9fyfK6OWYGngqPw01a/fu35t3b9T6P/AOCbvw3bWPH2q+KJo82+jW/2W3YjrPL94g+qxgg/9dRX2bXC/s4/CVfgt8I9L0VlX7bt+0Xzr/HcPgvz3C8KD6KK7qvssvw/saCg9936n8kcdZ8s2zmrioO8F7sf8MdL/N3l8wrif2gPg1afHT4a3mizlIbr/X2Nww/4951B2t/unJU/7LHviu2orqqQjOLhLZnzeCxlbCV4YnDy5ZwaafZo/KzxJ4cvvCGv3ml6lbyWl/YStDPE45Rh1+o7gjgggjg1Sr7q/bF/ZSX4y6V/buhxRp4osY8GPIUalGOiE9A4/hY8fwnjBX4Zu7SbT7uW3uIpIJ4XMckcilXjYHBUg8gg8EGvicbg5Yepyvboz+wuD+LMNnuCVenpUjZTj2f/AMi+j+W6Z7b+yl+2DdfBSaPRda86+8LyvldvzS6cxPLIP4kJ5KfUjnIb7g8MeKdO8Z6Hb6lpN5b6hYXS7op4X3Kw/oR0IPIPB5r8ru1dZ8KPjf4l+C2qm60DUZLdJGBmtnHmW9x/voeM9sjDDsRXZgc2lRXs6msfxR8pxt4Y0M1m8bgGqdZ7p/DN93bZ+avfqr6n6aUV83fDD/go74f1uKODxVp91od10a5t1Nzan3wP3i/QK31r2vwp8aPCPjhFOk+JNFvmYZ8tLtPNH1QkMPxAr6SjjKNVe5Jfr9x/P2bcK5tlsnHGUJRXe14/+BK6/E6aikDqw4INVNX8R6f4ftzNf31nYwryXuJljUfixFdF0tWeDGnKT5Yq7LlfJ37eH7L+Bc+O9At/9vWLaNen/TyB/wCh/wDfX9416x4+/bZ+HngSKRV1pdaul6QaWv2jd/204j/8fzXzd8a/28/E3xLtJ9P0eJfDekzqUfy38y6mU8ENJgbQfRQD23EV4+ZYrCypOE3d9La6n6t4e8O8SUMwhjcLSdOG0nO8VKPVW3fk0mk7HhOaO1A4ozXyZ/UAV9M/sA/s7t4g1xfHGrQf8S/T3K6Wjr/x8Tjgy/7qcgf7fPGzngP2WP2X774+eI1ubpZrXwxYyD7XdAbTcEc+TEe7Hueig56kA/fmjaNa+HdJtrCxt47Wzs41hhhjGFjRRgACvcynL3OSr1Nlt5n4x4o8cQwtCWT4KX72atNr7MX0/wAUlv2Xm0WqKKK+oP5uCiiigArxX9pz9jvTPjhFJqultDpXidV/15GIb3A4WUDnPYOASB1DAAD2qisq1GFWPJUV0ellOcYvLMTHF4KbjNfc12a2afZn5b+O/h7rXwz8QyaXrun3GnXsfOyRflkH95GHDL7qSKx+lfqJ4/8AhrofxS0NtO17TbfUrU8qJF+eI/3kYfMp91INfMHxY/4Ju3lq8t14N1WO6i5YWOoHZIvssoG1vYMF92NfM4rJ6sHel7y/E/ozhrxay7GxVLMv3NTv9h+j3j6S0X8zPlrPFNKhxz831FdR45+DHiz4ayuuueH9T09YzgzPCWgP0lXKH8GNcyDuryJRlF2krM/VMPiqNeCq0JqUX1TTX3okhvZrdNsc0sa+iuQKjf8AePub5m9T1o7UVJta2qCirGlaRda9erbWNrc3tw/CxQRNI7fRVBJr1z4a/sK+PPH0kcl5ZR+HLFuTNqB2y49oRl8+z7R71tSoVKjtTTZ5mZZ1gMvh7TG1Y015tJv0W7+SZ432r3/9m39hzVviVNb6v4ojuNH8P8OkDDZdX47YB5jQ/wB48kdByGH0H8FP2L/CPwflhvZIW17WYsMLy9UFYm9Y4/ur7E5YetevV72DyWz56/3f5n4hxZ4vOpF4XJE0no6jVn/26unq9eyT1Kfh3w7Y+EtEttN021hsbGzQRwwRLtWNR/nJPUk561coor6BKysj8LnOU5Oc3dvVt7thRRRQSFFFFABRRRQAUUUUABG4YPIPUVzHiD4KeD/FUjPqPhfQbyRuTJJYxlz/AMCxn9aKKmUYyVpK5vh8VWoS5qM3F902vyOem/ZC+Gs77m8I6aD/ALLSKPyDVc0v9l/4e6O4aHwfobMOhlthN/6Hmiis/q1JaqK+5Hoy4gzWS5ZYmo1/jl/mdho/h+w8O23k6fY2djD/AM87eFYl/JQBVyiitttEeTKcpPmk7sKKKKCQooooAKKKKAP/2Q==');
/*!40000 ALTER TABLE `sin_imagen` ENABLE KEYS */;

-- Volcando estructura para tabla cg-lugares.usuarios
CREATE TABLE IF NOT EXISTS `usuarios` (
  `id` int(10) unsigned NOT NULL AUTO_INCREMENT,
  `apyn` varchar(100) NOT NULL,
  `dni` char(8) NOT NULL,
  `email` varchar(100) NOT NULL,
  `clave` varchar(100) NOT NULL,
  `id_rol` int(10) unsigned NOT NULL DEFAULT 3,
  PRIMARY KEY (`id`),
  UNIQUE KEY `dni` (`dni`)
) ENGINE=InnoDB AUTO_INCREMENT=6 DEFAULT CHARSET=utf8;

-- Volcando datos para la tabla cg-lugares.usuarios: ~5 rows (aproximadamente)
DELETE FROM `usuarios`;
/*!40000 ALTER TABLE `usuarios` DISABLE KEYS */;
INSERT INTO `usuarios` (`id`, `apyn`, `dni`, `email`, `clave`, `id_rol`) VALUES
	(1, 'Catalina', '12345678', 'catalinango@gmail.com', '12345678', 0),
	(2, 'Esteban Quito', '11223344', 'estebanquito@gmail.com', '11223344', 1),
	(3, 'Armando Mesas', '44332211', 'armandomesas@gmail.com', '44332211', 2),
	(4, 'Cosme Fulanito', '12312312', 'cosmefulanito@gmail.com', '12312312', 3),
	(5, 'Eba Gallo', '45645645', 'elbagallo@gmail.com', '45645645', 1);
/*!40000 ALTER TABLE `usuarios` ENABLE KEYS */;

/*!40101 SET SQL_MODE=IFNULL(@OLD_SQL_MODE, '') */;
/*!40014 SET FOREIGN_KEY_CHECKS=IF(@OLD_FOREIGN_KEY_CHECKS IS NULL, 1, @OLD_FOREIGN_KEY_CHECKS) */;
/*!40101 SET CHARACTER_SET_CLIENT=@OLD_CHARACTER_SET_CLIENT */;
